"question","answer"
"Giới thiệu Công ty Y dược VHN.
Năm thành lập.","Công ty Cổ phần Xuất nhập khẩu và Phân phối sản phẩm Y Dược VHN được thành lập từ năm 2017.
Được kiến tạo trên nền tảng của những giá trị nhân văn, nên yếu tố con người luôn được đề cao.
Mọi hoạt động và sự vận hành của công ty dựa trên lợi ích khách hàng tôn trọng đối tác và quyền lợi của nhân viên.
VHN là Đơn vị nhập khẩu và phân phối dược mỹ phẩm, thực phẩm bảo vệ sức khỏe uy tín tại Việt Nam
Thiết kế giải pháp da liều toàn diện trong da liễu thẩm mỹ
Đơn vị cam kết đồng hành với khách hàng - Cung cấp các giải pháp trọn gói Edu & MKT"
"Điểm mạnh của VHN.
Đặt điểm nổi bật của VHN.","Lượng tiêu thụ sản phẩm lớn, trung bình đạt 200 tỷ/năm
Data khách hàng lớn gồm các Bệnh viện, Spa, Clinic, nhà thuốc và data khách hàng tăng đều hàng năm.
Nhân sự: Đội ngũ nhân sự trẻ, nhiệt tình, năng động
Cơ chế mở: Tạo nhiều cơ chế về kinh tế để thu hút các nhân sự tiềm năng
Được hỗ trợ 24/7 từ rất nhiều bác sĩ giỏi và có sức ảnh hưởng trong ngành da liễu"
"Lĩnh vực hoạt động của Y dược VHN.","Phân phối dược mỹ phẩm, thực phẩm bảo vệ sức khỏe cho hệ thống các bệnh viện, thẩm mỹ viện, spa, clinic, nhà thuốc."
"Tầm nhìn của VHN.","Tầm nhìn: Đưa các sản phẩm điều trị, chăm sóc da và cải thiện sức khỏe, sắc đẹp chất lượng cao đến mọi miền tổ quốc."
"Sứ mệnh của VHN.","Mang đến những sản phẩm và giải pháp diều trị, chăm sóc sức khỏe làn da bằng công nghệ tiên tiến. Luôn nỗ lực là người đi đầu trong lĩnh vực điều trị và chăm sóc sức khỏe làn da."
"Giá trị cốt lõi VHN.","Nhân: Biết người, biết ta và biết chúng sinh để từ đó biết yêu thương và thông cảm cho mọi người.
Nghĩa: Quên đi cái tôi vị tư, là vị tha, luôn nghĩ tới lợi ích của người khác trước. Lấy thành công của khách hàng là thành công của doanh nghiệp, thành công của từng cá nhân là thành công của tập thể.
Lễ: Làm việc trên cơ sở tôn trọng nhau, biết trên biết dưới, biết đóng góp để cùng nhau phát huy ưu điểm, hạn chế khuyết điểm.
Trí: Phải lý trí, phải sáng suốt và phải thông tuệ, không vì lợi ích mà bán rẽ uy tín, nhân cách bản thân.
Tín: Phải luôn giữ uy tín, không được gian dối, phải giữ dược lòng tin với khách hàng, với nhân viên và với cộng đồng."
"Hệ thống thương hiệu phân phối.","Y dược VHN độc quyền 7 thương hiệu Dược mỹ phẩm tiêu chuẩn quốc tế:
1. Christina (Israel)
2. Ivatherm (Pháp)
3. SRS Mesotherapy (Bỉ)
4. Floslek (Ba Lan)
5. Pharmalife (Italia)
6. Dermoaroma (Italia)
7. Préime DermaCeuticals"
"Thông tin liên hệ.
Hotline.
Số điện thoại.
Email.
Website.
Văn phòng.","Hotline: 0941 905 885
Email: truongphongmarketing@vhndistribution.com
Website: vhndistribution.com
Văn phòng Sài Gòn: Tầng 5A số 407 Tô Hiến Thành, Phường 14, Quận 10, TP. Hồ Chí Minh
Văn phòng Hà Nội: Số 14 Láng Hạ, Phường Thành công, Quận Ba Đình, Hà nội"
"Hành trình nâng cao kiến thức cùng Thiên Phúc Education.","TRẠM DỪNG 1: Giới thiệu bức tranh tổng thể giải pháp thay mới làn da Y Dược VHN.
TRẠM DỪNG 2: Đào tạo cầm tay chỉ việc - ứng dụng giải pháp cá nhân hóa cho từng đại lý.
TRẠM DỪNG 3: Thiết kế cá nhân hóa – Đào tạo kỹ năng message.
TRẠM DỪNG 4: Kỹ năng tư vấn chuyên nghiệp ngành hàng làm đẹp."
"Hệ thống đại lý VHN.","Hệ thống đại lý của VHN trải khắp 63 tình thành:
- 60/421 bệnh viện công
- 50/145 bệnh viện tư
- 2000/12000 nhà thuốc
- 50/2300 phòng khám da
- 1300 spa làm đẹp
Trong đó, 
Hệ thống bệnh viện: Bệnh viện Da Liễu Trung ương, Bệnh viện Da Liễu Hà Nội, Bệnh viện Da Liễu TP. Hồ Chí Minh, Bệnh viện Nhi Trung ương, Bệnh viện Trung ương Quân đội 108,...
Hệ thống nhà thuốc: Nhà thuốc Pharmacity, Nhà thuốc Tây Bắc - Hòa Bình, Nhà thuốc Phương Chính - Hà Nội, Nhà thuốc Á Đông - Hà Nam, Nhà thuốc Hà Bắc - Bắc Ninh,...
Khách hàng Spa nổi tiếng: Bich Nguyet Beauty Clinic, Shynh Premium, Q'Art Beauty, Seoul Center, Saigon Smile Spa, Bệnh viện Thẩm Mỹ Gangwhoo, Van Anh Luxury Clinic & Garden Spa,..."
"Hoạt động hỗ trợ khách hàng của VHN.","Hoạt động online: Công ty Y Dược VHN hỗ trợ các bài post social (fanpage, website, app, youtube, insta, tiktok...) nội dung và hình ảnh, video về sản phẩm; nội dung và hình ảnh về sự kiện giữa đối tác, khách hàng và Y Dược VHN.; Hỗ trợ hoạt động livestream, zoom đào tạo...
Hoạt động offline: Hỗ trợ thực hiện các ấn phẩm truyền thông offline như standee, brochure, backdrop, tranh kính, tờ rơi,...; Hỗ trợ đào tạo trải nghiệm dịch vụ khách hàng trọn vẹn bởi chuyên gia/bác sĩ da liễu đầu ngành; Tổ chức nhiều chương trình hội thảo, workshop cập nhật kiến thức mới trong ngành; Demo, training nghiệp vụ cho khách hàng."
"Đặc trưng riêng của các sản phẩm Christina là gì? Hoạt chất, công nghệ ?","1. Luôn tiên phong trong ngành trị liệu & chăm sóc da, tìm ra các công nghệ, giải pháp chăm sóc da mới, tiên tiến và hiệu quả: từ sự phát minh ra Zaatar Cream vào năm 1982, loại kem được trường đại học Ben-Gurion đưa vào xuất bản là loại kem kỳ diệu với 3 khả năng: làm dịu, chống oxy hóa, chống viêm. Đến sự ra đời của một trong những sản phẩm chứa HA đầu tiên trên thế giới TheraSkin HA Line Repair…
2. Công thức thành phần lấy Peptide - hoạt chất vàng trong tái tạo da làm trung tâm, có mặt trong tất cả các dòng sản phẩm, mang lại hiệu quả RÕ RỆT.
3. Thương hiệu đa dạng, đáp ứng được nhu cầu chăm sóc da của phụ nữ ở mọi lứa tuổi.
4. Là thương hiệu được ưa chuộng và tin dùng bởi những quốc gia đi đầu về công nghệ làm đẹp trên thế giới (như Hàn Quốc, Nhật Bản, Nga, Mỹ): bởi tính trị liệu rõ rệt, an toàn cho làn da.
5. Giải pháp tái sinh làn da - niềm kiêu hãnh từ nhãn hàng Christina: Rose De Mer, mang đến sự thay mới, trẻ hóa da hơn cả mong đợi…"
"Nhãn hàng Christina đã phân phối ở những đâu?","Hiện nhãn hàng Christina tại Việt Nam đang được tin dùng tại hơn 2000 đối tác là các bệnh viện da liễu, phòng chăm sóc da của các bệnh viện, phòng khám da liễu, thẩm mỹ viện, spa, clinic uy tín trên toàn quốc.
Một số đối tác lớn như: Bệnh viện Da liễu trung ương, Bệnh viện da liễu Hà Nội, Bệnh viện 108, Bệnh viện da liễu Sài Gòn, Saigon Smile Spa, Trung tâm thẩm mỹ Vinmec, Viện Thẩm Mỹ DIVA, Shynh House & Shynh Premium, Hệ thống bệnh viện thẩm mỹ Seoul..."
"Trong các bước trị liệu của Christina có sản phẩm peel da, vậy sản phẩm peel này có gây bong tróc cho da và sử dụng nhiều có khiến biểu bì da bị ảnh hưởng không?","- Sản phẩm Christina tại Việt Nam hiện gồm 8 dòng hàng điều trị cho các vấn đề da khác nhau từ thanh lọc, thải độc, cân bằng da, điều trị mụn, sạm, nám... cho đến da lão hoá hoá. Trong đó có 9 dòng hàng gồm Biophyto, Comodex, Illustrious, Unstress, Muse, Chateau De Beauté, Forever Young, Line repair, Rose De Mer giúp chăm sóc và điều trị da, có các sản phẩm peel da nhằm mục đích loại bỏ lớp sừng, tế bào chết trên bề mặt da cải thiện các vấn đề trên bề mặt, giúp da mịn màng, đều màu và căng bóng hơn. Với nồng độ hoạt chất tối ưu trị liệu trong sản phẩm peel của Christina có thể thực hiện trị liệu hàng tuần mà không gây bong tróc hay mỏng da. Với việc làn da được làm sạch sâu và thanh lọc sẽ giúp da tăng khả năng tái tạo, khả năng hấp thụ hoạt chất cần thiết, từ đó làm tăng hiệu quả điều trị, đem lại sự đổi mới cho làn da ngay sau mỗi lần thực hiện trị liệu.
- Ngoài ra, bộ sản phẩm Rose De Mer là dòng sản phẩm thay da sinh học giúp tái tạo, trẻ hoá làn da, điều trị nhiều vấn đề da cùng lúc như da dày sừng, thô sần, bít tắc, thâm mụn, sẹo mụn mới … vì thế, sản phẩm này sẽ khiến da bong nhẹ trong khoảng từ 3-5 ngày tuỳ cơ địa từng người và thực hiện trị liệu thay da từ 4-6 tuần/ lần hoặc theo phác đồ của chuyên gia."
"Tại sao các sản phẩm massage của Christina sau khi sử dụng đều không lau đi?","Các sản phẩm massage của Christina ngoài công dụng là 1 bước thư giãn trong quá trình chăm sóc da, còn chứa những thành phần hoạt chất cần thiết trong quá trình trị liệu và cải thiện làn da. Chính vì vậy các bước massage của sản phẩm Christina sẽ được hấp thụ hoàn toàn vào da trong quá trình thực hiện và không cần lau đi."
"Tính an toàn của các sản phẩm Christina?","- Sản phẩm của Christina không thử nghiệm trên động vật.
- Sản phẩm không có chứa gluten, dầu khoáng, Paraben, SLS, propylene glycol, EDTA.
- Không chất tạo màu, tạo mùi.
- Bên cạnh các thành phần từ thực vật sẽ kết hợp các thành phần tổng hợp an toàn đã được kiểm định để mang lại hiệu quả cao (ví dụ như Retinol, Salicylic acid, ...)"
"Thành phần chính của bộ sản phẩm Rose De Mer là gì? Công dụng của các thành phần này là gì?","Bộ sản phẩm thay da sinh học Rose De Mer gồm 3 thành phần chính: 
- Chất silicat: được tìm thấy trong san hô, và giống như các mũi kim thu nhỏ, đi sâu vào trong da giúp kích thích tái tạo da, tăng tuần hoàn và trao đổi chất.
- Các thực vật biển từ biển đỏ: loại chất chống oxy hóa, giúp tái sinh tế bào mới và đào thải độc tố qua da.
- Muối và khoáng chất từ biển chết: tăng tái tạo chữa lành da và biểu mô, tăng cường kích thích bong tế bào sừng và hiệu quả thay da nhờ việc hấp thu nước, làm khô da tự nhiên."
"Sau khi làm bộ Rose De Mer da sẽ có những biểu hiện gì? Lưu ý gì sau khi trị liệu?","- Ngay sau khi trị liệu:
Da trở nên mềm hơn và silicates gây ra cảm giác châm chích khi chạm tay vào. Khách hàng có thể gặp phải triệu chứng này trong vài giờ sau đó.
- Trong vòng 24h:
Da khô và trở nên căng hơn. Đôi khi da có cảm giác rát là kết quả của việc da trở nên khô.
- Sau 24h:
Da bắt đầu thay ở khu vực xung quanh miệng, sau đó sẽ thay ở các khu vực khác, thông thường thứ tự thay da theo chiều từ trong ra ngoài.
* Trong hai ngày đầu tiên ngay sau khi thay da, điều quan trọng là phải đảm bảo để làm khô da và giữ vệ sinh cho da, cần tránh tiếp xúc với ánh sáng tuyệt đối.
* Sau hai ngày, làn da trở nên đặc biệt khô và bắt đầu bong tróc. Tại thời điểm này, bắt buộc phải sử dụng các sản phẩm dưỡng ẩm, làm dịu và phục hồi cho da, chống nắng.
* Lưu ý: hạn chế tiếp xúc với ánh nắng, thoa kem chống nắng đầy đủ, không wax lông, không nhuộm tóc. Sau khi thực hiện trị liệu body, cần mặc áo thun rộng thoải mái, tránh cọ xát vào vùng da trị liệu, không tập thể dục, không bơi lội, tắm gội tránh tiếp xúc với vùng da sau trị liệu, tránh nằm tì đè lên vùng da sau peel, không gãi, không chà xát.
* Nhãn hàng khuyến khích khách hàng sau khi sử dụng tại Salon, kết hợp dùng bộ Rose De Mer kit tại nhà để mang lại hiệu quả cao nhất."
"Chăm sóc da sau trị liệu Rose De Mer như thế nào?","Sau khi thay da sinh học Rose De Mer, sử dụng sữa rửa mặt và bộ kit của Rose De Mer giúp kích thích quá trình bong tại nhà được đều, đẹp và hiệu quả hơn.
- RDM Home - Clean & Gentle/ Sữa rửa mặt dịu nhẹ: dùng 1 ngày 2 lần sáng tối, dùng ngay 4 tiếng sau khi thay da. Sau đó thoa Dry out. Ngày thay da tính là ngày thứ 1.
- RDM Home - Dry out/ Gel làm khô: thoa một lớp mỏng 3-4 lần một ngày sau khi làm sạch da. Không rửa hoặc lau lại. Ngừng sử dụng khi da bắt đầu bong. Chỉ dùng tối đa trong 48 tiếng.
- RDM Home - Calm & Hydrate/ Gel làm dịu, cấp ẩm và tái tạo da: bắt đầu sử dụng từ ngày thứ 3 trở đi sau khi thay da, lấy 2-3 giọt Calm and Hydrate thoa nhẹ lên da 1 ngày 4-6 lần, dùng trên da sạch.
- RDM Home - Peel & Renew/ Mặt nạ phục hồi và tái tạo da: sử dụng từ ngày thứ 4 sau khi thay da như một loại mặt nạ. Dùng 3 -5 lần/ngày, massage nhẹ nhàng trong khoảng 1-2 phút và để trên mặt trong khoảng 30 phút. Rửa sạch bằng Clean & Gentle. Sau đó bôi Calm & Hydrate."
"Cơ chế thay da sinh học của Rose De Mer là gì?","Thay da sinh học RDM là sự kết hợp hoàn hảo giữa 2 phương pháp peel là peel sinh học và peel vật lý, kết hợp với kỹ thuật massage sẽ tạo hiệu ứng loại bỏ cơ học khi các tinh thể silicat hình kim phá vỡ các liên kết tế bào sừng bề mặt trên đường chúng đi sâu vào trong da. Trong da, các tinh thể này tan nhỏ dần dưới sự tác động của dịch ngoại bào và nhiệt độ, chúng len lỏi dần xuống các tầng sâu thượng bì. Tại đây, chúng được nhận diện là các tác nhân lạ, cơ thể kích thích chuỗi phản ứng miễn dịch là giãn mao mạch, thúc đẩy quá trình tái tạo để làm lành tổn thương, tái tạo mạnh giúp đẩy bật các tế bào sừng hoá phía trên đồng thời kích thích tăng sinh mạnh mẽ từ đó cải thiện các vấn đề lão hóa và tái sinh làn da một cách toàn diện.
Cơ chế thay da này mang lại hiệu quả cao & an toàn cho da."
"Trị liệu Rose De Mer bao lâu làm 1 lần?","Tùy theo tình trạng da và mục đích điều trị sẽ có phác đồ trị liệu khác nhau.
- Trẻ hóa da: thay da sinh học lần 1 để loại bỏ đi lớp sừng cũ trên bề mặt, kích thích tái tạo đổi mới làn da. Sau 3-6 tháng có thể làm lại bộ thay da sinh học. Tối đa 2-4 lần/ năm.
-  Điều trị mụn bít tắc, thâm sau mụn: làm 1 lần/ tháng, có thể làm liên tục trong 2-3 tháng tùy tình trạng da sau khi peel theo dõi da, nếu da đáp ứng tốt có thể ngừng không peel nữa.
- Điều trị mụn (mụn sưng viêm đến mụn nặng vừa): kết hợp lý tưởng cùng dòng sản phẩm Comodex của Christina, chỉ định theo tình trạng da cụ thể sau khi thăm khám.
- Điều trị sẹo mụn: áp dụng với các tình trạng sẹo mới, nông, nhỏ. Trị liệu thay da 1 lần/ tháng, có thể làm liên tục 2-3 tháng tiếp theo và có thể kết hợp với nhiều phương pháp khác như laser, meso, lăn/ phi kim…để tăng hiệu quả điều trị sẹo.
- Điều trị nám & các vấn đề về tăng sắc tố da: thay da sinh học lần 1 để loại bỏ đi lớp sừng cũ trên bề mặt, kích thích tái tạo đổi mới làn da. Sau 3-6 tháng có thể làm lại bộ thay da sinh học. Tối đa 2-4 lần/ năm.
* Lưu ý:
- Trên đây là phác đồ tham khảo, liệu trình chính xác cần căn cứ vào từng trường hợp da cụ thể.
- Sau 7-10 ngày trị liệu thay da nên có những buổi phục hồi để da khỏe mạnh, ổn định. Có thể kết hợp liệu trình phục hồi Unstress sau những buổi thay da sinh học với Rose De Mer."
"Lực massage của Rose De Mer như thế nào là đạt hiệu quả?","Bề mặt da và vấn đề da khác nhau sẽ đi lực massage mạnh hay nhẹ. Vì vậy, kỹ thuật viên khi thực hiện bước massage cần thăm khám da & được đào tạo tay nghề kỹ thuật để thực hiện bộ sản phẩm Rose De Mer để mang lại hiệu quả cao nhất, an toàn nhất cho làn da.
Khi thay da bằng bộ sản phẩm Rose De Mer đạt hiệu quả là khi điểm cuối lâm sàng đạt mức hồng đỏ đều, có cảm giác ấm nóng trên da."
"Có thể lược bỏ bước số 3 trong liệu trình sản phẩm không?","Bước 3 của bộ sản phẩm Biophyto chiết xuất từ nha đam giúp làm dịu làn da, da mềm hơn. 
Đây là bước đệm trước khi peel. Khi da có các sợi bã nhờn, mụn đầu đen. Lớp gel này giúp làm mềm, cồi mụn sẽ dễ dàng đẩy ra hơn khi thực hiện bước peel da tiếp theo. Nhãn hàng khuyên chuyên viên trị liệu nên thực hiện bước 3 để hỗ trợ liệu trình đạt hiệu quả tốt nhất."
"Kem massage số 5 có thể dùng được cho những làn da nào?","Bước 5 của bộ sản phẩm Biophyto sẽ làm dịu làn da sau bước peel, tăng cường phục hồi làn da sau peel, cung cấp vitamin nhóm B và các thành phần dưỡng ẩm như bơ hạt mỡ, methanol. Bước này sẽ phù hợp với những làn cần cấp ẩm, làm dịu, đặc biệt với những làn da hỗn hợp, da dầu, da dày sừng, lỗ chân lông rộng."
"Bộ Biophyto có thể dùng được cho những làn da nào?","Độ tuổi từ 15 trở lên. Thích hợp với mọi loại da: da thường, da dầu, da hỗn hợp, dày sừng, lỗ chân lông to, sần, mụn bít tắc. Da xỉn màu, mất nước, thiếu cân bằng độ ẩm."
"Alluring serum bị đổi màu sau thời gian sử dụng thì có thể dùng tiếp được không?","Màu sắc của sản phẩm Alluring Serum được chiết xuất bởi diệp lục tự nhiên thu hoạch từ lá thực vật. Đó là lý do xuất hiện màu sắc đậm nhạt khác nhau trên khác sản phẩm Alluring Serum, tuy nhiên chất lượng sản phẩm được đảm bảo nguyên vẹn.
Trong quá trình bảo quản đối với các sản phẩm Serum đã mở nắp, sản phẩm bị đổi màu do oxy hóa hoặc ảnh hưởng từ nhiệt độ, ánh sáng từ môi trường bên ngoài. Khi sản phẩm đã đổi màu, hiệu quả sử dụng đã giảm hoặc có thể thay đổi ảnh hưởng đến người sử dụng. 
Không nên sử dụng sản phẩm đã bị biến đổi như: đổi màu + biến mùi, tách lớp."
"Thành phần nổi trội của Biophyto là gì?","Biophyto là dòng sản phẩm chiết xuất hoàn toàn từ thảo dược tự nhiên mang lại hiệu quả rõ rệt & an toàn cho làn da: 
- Zaatar Complex (Kinh giới + Xạ hương): hoạt động như một chất oxy hóa mạnh có đặc tính kháng viêm, kích thích tăng tuần hoàn. Hỗ trợ thải độc tố cho làn da.
- Chlorophyll – Diệp lục: một chất chống oxy hóa mạnh, chống viêm và hỗ trợ thải độc. Ngăn chặn sự phát triển của vi khuẩn và tái tạo tế bào.
- Anti – Toxins Peptide (Nấm tuyết): bảo vệ da, chống oxy hóa tế bào. Giúp ngăn ngừa sự thoái hóa ở cấp độ tế bào.
- BioTech – Algae Complex (Công nghệ sinh học từ Tảo): thải độc, giữ nước, kích thích phục hồi tế bào da, hỗ trợ khả năng chuyển hóa tế bào. Bảo vệ làn da khỏi các tác nhân từ bên ngoài.
- Phyto – Ceramide Complex: giữ ẩm, ngăn ngừa thoát nước qua da, bảo vệ da từ các tác nhân từ môi trường.
-  Salicylic acid: loại bỏ tế bào chết, bụi bẩn, tạp chất bít tắc trong da. Làm sạch, thanh lọc làn da, dễ dàng hấp thụ các chất dinh dưỡng hiệu quả."
"Sữa rửa mặt Biophyto có dùng được cho phụ nữ có thai không? Vì sao?","Sữa rửa mặt Biophyto dùng được cho phụ nữ có thai.
Vì các thành phần của sữa rửa mặt Biophyto gồm trà xanh, dưa chuột, chất làm sạch tự nhiên có nguồn gốc từ dầu dừa, nhẹ, không gây kích ứng nhưng hiệu quả cao. Các thành phần từ thiên nhiên an toàn với phụ nữ có thai."
"Thành phần chính của bộ sản phẩm Comodex là gì? Công dụng của các thành phần này là gì?","Bộ sản phẩm điều trị mụn Comodex gồm 4 thành phần chính:
- Retinol vi nang: Retinol vi nang với công nghệ màng bọc phospholipid có lớp màng lipid tương tự màng tế bào, khi tác động vào da sẽ có cơ chế hòa vào màng tế bào để giải phóng retinol từ từ, đưa hoạt chất đến các mô đích cần điều trị, giảm tình trạng kích ứng nhưng vẫn đạt được hiệu quả tốt trên da.
- Salicylic vi nang: công nghệ Salicylic vi nang trong các sản phẩm của Comodex, đây là một công thức độc đáo và hiện tại trên thị trường Việt Nam rất hiếm các sản phẩm chứa công thức này, giúp quá trình điều trị diễn ra hiệu quả đồng thời giảm các tác dụng phụ không mong muốn đến làn da khách hàng.
- Perfection Tripeptide: một hoạt chất enzyme loại bỏ tế bào chết bằng cơ chế phá vỡ các liên kết tế bào sừng trên bề mặt vì thế phù hợp với mọi loại da kể cả da nhạy cảm.
- Chiết xuất hạt tiêu từ vùng biển Tasman: thành phần tự nhiên có từ vùng biển nước Úc có tác dụng bảo vệ, làm dịu và giảm sự mẫn cảm của da. Điều trị sưng, nổi mề đay và những cảm giác khó chịu đối với da."
"Kết hợp lấy nhân mụn ở bước nào? Có thể kết hợp với máy xông hơi, máy hút bã nhờn và chiếu đèn LED ở bước nào?","- Sau khi sử dụng số 4 Stimulate & Detox Solution có thể kết hợp với máy xông hơi nóng khoảng 5-7 phút, không cần lau lại và tiến hành xử lý nhân mụn.
- Kết hợp máy hút bã nhờn, dầu thừa sau bước tẩy da chết số 2 Scrub & Smooth để tăng hiệu quả làm sạch sâu hơn, chuẩn bị da trước bước peel.
- Chiếu đèn xanh ở bước mặt nạ số 6 Astrigen & Regulate Mask trong thời gian 10-15 phút giúp tăng hiệu quả kháng khuẩn, diệt khuẩn, kiềm dầu tốt hơn."
"Với những tình trạng mụn viêm, sau khi nặn mụn ở cơ sở, có thể kê sản phẩm nào cho khách dùng tại nhà?","Sử dụng gel trị mụn diệt khuẩn Correct và Prevent Gel chấm trực tiếp lên các nốt mụn 2 lần/ ngày, sáng - tối trước bước kem dưỡng.
Kết hợp cùng bộ đôi serum Hydrate & Restore Comodex và kem đêm Comodex để mang lại hiệu quả trị mụn và phục hồi da.
Tìm hiểu kỹ hơn cùng đội ngũ chuyên gia của Christina với mỗi tình trạng da mụn của khách hàng."
"Da có nhiều mụn viêm có dùng tẩy da chết của Comodex được không? 1 tuần dùng được bao nhiêu lần?","Với tình trạng da nhiều mụn viêm (5-10 nốt mụn viêm sưng to) vẫn có thể dùng được tẩy da chết scrub của Comodex. Chú ý tránh không massage những vùng da có mụn viêm, những vùng da khác vẫn massage bình thường. 
Những da có mụn viêm nhiều toàn mặt thì tạm ngưng dùng tẩy da chết chờ đến khi da ổn định."
"Hiện tượng mặt nạ số 6 của Comodex bị tách nước?","Thành phần chính là Kaolin (đất sét), vì vậy hiện tượng tách nước là hoàn toàn bình thường, không ảnh hưởng đến chất lượng của sản phẩm. Hướng dẫn khắc phục: Trộn đều mặt nạ bằng dụng cụ sạch và tiếp tục sử dụng bình thường."
"Tại sao da nhạy cảm vẫn peel? Sản phẩm peel của Unstress khác gì so với các dòng peel khác?","Khi da nhạy cảm, hàng rào bảo vệ da đang bị tổn thương, đồng thời da vẫn tồn tại tế bào chết. Vì thế sản phẩm peel của Unstress chứa thành phần PROBIOTIC (lợi khuẩn) giúp cân bằng hệ vi sinh vật trên da, phục hồi lại hàng rào bảo vệ da giúp da khỏe mạnh, bảo vệ da khỏi các tác nhân bên ngoài.
Bên cạnh đó, sản phẩm peel dịu nhẹ loại bỏ tế bào chết phù hợp với mức độ nhạy cảm của da, hỗ trợ hiệu quả hấp thụ các bước tiếp theo trong quy trình trị liệu."
"Thành phần chính của bộ sản phẩm Unstress là gì? Công dụng của các thành phần này là gì?","Bộ sản phẩm Unstress gồm 5 thành phần chính:
- Probiotic: lợi khuẩn giúp cân bằng hệ vi sinh vật trên da.
- Blumilight: siêu peptide độc quyền giúp chống lão hóa da, bảo vệ da khỏi ánh sáng xanh của màn hình thiết bị điện tử như điện thoại, máy tính…
- Tảo Venuceane: công nghệ sinh học độc đáo có nguồn gốc từ biển giúp giữ nước cấp ẩm trong da, củng cố hàng rào bảo vệ da.
- Collaxyl: giúp tăng cường tốc độ tái tạo biểu bì, lành tổn thương nhanh.
- Quintessence peptide: chống oxy hóa, tăng cường bảo vệ DNA và chức năng tế bào, từ đó nâng cao bảo vệ da tự nhiên và làm giảm tổn thương cho da."
"Liệu trình Unstress kết hợp với các liệu trình laser, meso như thế nào?","Sau các liệu trình xâm lấn can thiệp tác động vào da như laser, meso… da bị tổn thương nên cần phục hồi sớm để da trở nên dày khỏe. 
Liệu trình kết hợp Unstress để phục hồi da là sau 1 tuần xen kẽ với các buổi trị liệu can thiệp với máy CNC, meso, lăn/ phi kim và có thể duy trì phục hồi cho đến khi da trở lại trạng thái cân bằng ổn định."
"Có thể kết hợp máy móc công nghệ cao như điện di lạnh, chiếu đèn LED cùng với liệu trình Unstress không? Nếu có thì kết hợp ở bước nào?","Liệu trình Unstress kết hợp được với các máy công nghệ như điện di, đèn LED.
- Với máy điện di có thể kết hợp điện di ở bước số 5 Serum Total Serenity và bước số 8 mặt nạ dưỡng ẩm phục hồi da Optimal Hydration Mask, thời gian điện di từ 5-10 phút tùy tình trạng da.
- Với đèn LED có thể kết hợp chiếu đèn sau bước mặt nạ thải độc và làm dịu da Clarifying Mask, chiếu đèn đỏ trong thời gian chiếu đèn 10-15 phút, để hỗ trợ hiệu quả của mặt nạ trong phục hồi & làm khỏe da."
"Thời gian massage của bộ Unstress bao nhiêu phút? Có Lưu ý gì cho các tình trạng da mụn, nhạy cảm, mỏng đỏ không?","Thời gian massage ở bước số 6 Unstress khoảng 10-15 phút tùy tình trạng da.
- Với da khỏe, không có mụn, tổn thương thì thời gian massage sẽ là 15 phút.
- Với da có ít mụn bít tắc, ít mụn viêm, sưng đỏ (ít hơn 5 nốt mụn viêm) thì thời gian massage sẽ là 7-10 phút và không dùng tinh dầu 6B sẽ gây bít tắc dễ hình thành mụn. Có thể dùng nước thay tinh dầu trong bước massage để thao tác massage dễ dàng hơn. Trong quá trình massage tránh tác động lên những vùng da có mụn viêm, sưng đỏ.
- Với tình trạng da mỏng đỏ, bong tróc, nhạy cảm quá mức, thời gian massage sẽ khoảng 5 phút kết hợp với lực massage vừa đủ tránh đi lực quá mạnh gây tổn thương da nhiều hơn."
"Da sau nhiễm corticoid có dùng được bộ Unstress không?","Với bộ sản phẩm Unstress hoàn toàn phù hợp dùng để chăm sóc và phục hồi cho các làn da sau nhiễm corticoid, tuy nhiên da sau nhiễm corticoid có thể gặp nhiều triệu chứng khác nhau như da mỏng da, teo da, giãn mao mạch, bùng phát mụn viêm,... 
Vì thế, cần phải dựa theo tình trạng da và bệnh lý cụ thể da đang gặp phải để có chỉ định và phác đồ điều trị phù hợp với da tại thời điểm đó. "
"Thành phần nổi bật của dòng sản phẩm Illustrious là gì?","Dòng sản phẩm Illustrious là sự kết hợp độc đáo của các thành phần: 
- Tetrahydrocurcumin: chiết xuất từ nghệ trắng, thay thế cho Hydroquinone 4% về khả năng ức chế men Tyrosinase, chống oxy hoá và kháng viêm mạnh mẽ, từ đó có tác dụng làm giảm vết thâm và nám.
- Whitening peptide: hiệu quả làm trắng tối ưu thông qua ức chế enzym tham gia vào quá trình hình thành sắc tố.
- Vitamin C ổn định: vừa tan trong nước, vừa tan trong dầu mang lại hiệu quả chống oxy hoá, làm mờ thâm nám tức thì và dài lâu cùng khả năng tăng sinh collagen, chống lão hoá da.
- Alga white: ngăn ngừa sự tổng hợp melanin thông qua ngăn ngừa enzym endothelin và tyrosinase. Chống oxy hóa, bảo vệ màng tế bào, làm mịn màng và đồng đều tông da, giúp da sáng khỏe.
- Glycolic acid, phytic acid: loại bỏ tế bào chết thô sần, xỉn màu, làm sáng và đồng đều màu sắc da. Đồng thời, giúp da dễ dàng hấp thụ các chất dinh dưỡng hiệu quả."
"Chỉ định của dòng sản phẩm Illustrious?","Dành cho làn da nám, không đồng đều sắc tố do nhiều nguyên nhân (ánh nắng mặt trời, thay đổi nội tiết tố, thai kỳ, tăng sắc tố sau điều trị da liễu - thẩm mỹ, thâm sau mụn, viêm). 
Da thâm nám, tàn nhang, đồi mồi. Hiệu quả trên cả vùng da mặt, da tay và các vị trí tăng sắc tố khác trên cơ thể."
"Hiệu quả làm sáng của dòng sản phẩm Illustrious tại salon?","Sau lần đầu tiên thực hiện trị liệu Illustrious khách hàng sẽ nhìn thấy hiệu quả: 
Da sáng và đồng đều màu hơn, cải thiện bề mặt giúp da mịn màng, cung cấp thêm độ ẩm cho làn da sau mỗi lần trị liệu trở nên căng bóng, mềm mại.
Kết hợp cùng bộ Illustrious tại nhà để mang lại hiệu quả rõ rệt hơn trong điều trị nám và làm sáng da."
"Liệu trình điều trị nám, làm sáng da là bao nhiêu buổi?","Với liệu trình điều trị sắc tố da sẽ tùy thuộc vào tình trạng da cụ thể để có phác đồ khác nhau.
Ngoài ra, để tối ưu về hiệu quả và thời gian điều trị nên kết hợp cùng với các phương pháp trong điều trị sắc tố như laser, meso, peel, ..."
"Với tình trạng da xỉn màu nhưng bên cạnh đó da rất khô, nhạy cảm có thể sử dụng được dòng sản phẩm Illustrious không?","Với những làn da mỏng yếu nhạy cảm luôn cần ưu tiên làm dịu và phục hồi trước. Chính vì vậy trong trường hợp này nên phục hồi da khỏe mạnh (có thể sử dụng dòng sản phẩm Unstress của Christina - trị liệu chăm sóc da mỏng yếu nhạy cảm và phục hồi da).
Sau khi tình trạng da ổn định thì hoàn toàn có thể sử dụng dòng sản phẩm làm trắng da Illustrious như bình thường."
"Kỹ thuật massage bộ Illustrious có gì khác so với các dòng sản phẩm khác không?","Các sản phẩm massage của Christina không chỉ là 1 bước thư giãn trong quá trình chăm sóc da mà còn chứa những hoạt chất thành phần cần thiết trong quá trình trị liệu và cải thiện làn da. Chính vì vậy các bước massage của sản phẩm Christina sẽ có 1 số lưu ý khác nhau tùy từng dòng để mang lại hiệu quả tốt nhất.
Với dòng Illustrious trong quá trình massage nên lưu ý những vùng da xỉn, tối màu hơn sẽ tập trung massage nhiều hơn để có thể đưa nhiều hoạt chất trị liệu vào trong da hơn, mang lại làn da không chỉ sáng mà đồng đều hơn sau mỗi lần chăm sóc."
"Thành phần nổi bật của dòng sản phẩm Muse là gì?","Dòng sản phẩm Muse chứa các thành phần nổi bật: 
- Telosense Active: ứng dụng thành tựu giành giải thưởng Nobel y học 2009 mới nhất giúp chống co ngắn Telomere, từ đó sửa chữa tế bào, kéo dài tuổi thọ tế bào và chống lão hoá.
- Tế bào gốc hoa hồng Alps: hoa hồng (Rhododendron ferrugineum) chỉ được tìm thấy ở độ cao 3000m trên những dãy núi Alps Thụy Sĩ, có tuổi thọ lên tới 100 năm. Loài thực vật này có thể thích nghi với môi trường khí hậu khắc nghiệt nhất như nhiệt độ, tia UV, độ ẩm,...Có được điều này chính là nhờ đặc tính TẾ BÀO GỐC mạnh mẽ bên trong bảo vệ mô thực vật chống lại sự tấn công của các gốc tự do. Từ đó khi được ứng dụng vào điều trị da sẽ mang lại hiệu quả. Tăng cường sức sống tế bào gốc của da. Kích thích tái tạo biểu bì, làm dày và củng cố hàng rào bảo vệ da. Chứa 7 chất chống oxy hóa khác nhau (Taxifolin - Rhodoxanthin - Essential Oils - Chlorogenic Acid - Polyphenols - Catechine - Epicatechine). Bảo vệ tính toàn vẹn sinh học của các tế bào.
- Detox Peptide: khả năng tái tạo tế bào tối ưu đòi hỏi sự cân bằng trong hoạt động tế bào, tuy nhiên hàng ngày làn da phải tiếp xúc với nhiều yếu tố tiêu cực từ môi trường gây tổn thương DNA, ảnh hưởng quá trình tái tạo và làm mới tế bào. Detox Peptide – sự kết hợp độc đáo của peptide và chiết xuất nấm sẽ kích thích sản sinh chất chống oxy hóa tự nhiên trong da (mang tính bền vững và độ tương thích cao). Từ đó giúp trung hòa gốc tự do, chống độc tế bào, tăng khả năng tái tạo tế bào tối ưu, giảm sự thoái hóa tế bào, làm chậm quá trình lão hóa."
"Chỉ định của dòng sản phẩm Muse?","Khách hàng từ 20-25 tuổi, làn da khô, thiếu ẩm, thiếu mềm mượt, căng bóng, bắt đầu xuất hiện các nếp nhăn nhỏ, mong muốn ngăn ngừa dấu hiệu lão hoá."
"Với những làn da mỏng có dùng được dòng sản phẩm Muse không?","Dòng sản phẩm Muse có các thành phần như tế bào gốc hoa hồng, peptide,… đều là những hoạt chất có khả năng tái tạo da mạnh mẽ. 
Chính vì vậy sẽ hỗ trợ xây dựng vững chắc hàng rào bảo vệ da, tăng sinh collagen cho làn da trở nên dày và khỏe mạnh hơn."
"Tần suất chăm sóc da với bộ sản phẩm salon của Muse là như thế nào?","Tần suất chăm sóc da với bộ sản phẩm salon của Muse là 1 tuần 1 lần.
Tùy từng tình trạng da để bộ sản phẩm Muse mang lại hiệu quả cao nhất."
"Một liệu trình của dòng sản phẩm Muse là bao nhiêu buổi và sau bao lâu sẽ thấy hiệu quả?","Một liệu trình chăm sóc da thông thường là 10 buổi. Đối với dòng sản phẩm Muse, sau lần đầu tiên thực hiện trị liệu, da sẽ được tăng cường độ ẩm, độ đàn hồi và mềm mịn trên bề mặt da. Da sáng, đều màu và căng bóng hơn.
Các buổi trị liệu tiếp theo bên cạnh việc cải thiện các vấn đề về bề mặt da, kích thích tăng sinh collagen, sửa chữa DNA, các tế bào da được bảo vệ, tăng cường tái tạo giúp cải thiện và ngăn ngừa các vấn đề lão hóa da, kéo dài thanh xuân cho làn da."
"Với tình trạng da đã xuất hiện nhiều vấn đề lão hóa, nếp nhăn, trùng chảy xệ, … sử dụng bộ Muse có phù hợp không?","Với các tình trạng da khô, lão hóa hoàn toàn có thể sử dụng bộ Muse để chăm sóc hàng tuần.
Trong trường hợp da lão hóa nhiều và khách hàng mong muốn được cải thiện rõ rệt hơn trên da, có thể sử dụng những dòng sản phẩm trị liệu trẻ hóa chuyên sâu hơn (có thể tham khảo dòng sản phẩm Chateau de beaute và Forever young của Christina).
Để cá nhân hóa số buổi, làn da cần được thăm khám & theo dõi liên tục để đưa ra phác đồ phù hợp nhất."
"Thành phần nổi bật của dòng sản phẩm Chateau De Beaute là gì?","Dòng sản phẩm Chateau De Beaute là sự kết hợp của các thành phần mạnh mẽ:
- Hợp chất Resveratrol: chống oxy hoá, làm đầy nếp nhăn, làm sáng da, hỗ trợ xoá nhăn, ngăn ngừa nếp nhăn mới.
- Peptide 3D: làm đầy nếp nhăn, tăng độ săn chắc, cấp ẩm tức thì, tăng sinh collagen, chống lão hoá.
- Retinol hình cầu: trẻ hoá, làm sáng và làm đều màu da.
- OligoPeptide-24: kích thích tăng sinh collagen và hyaluronic acid tự thân. Làm đầy nếp nhăn, săn chắc, căng bóng bề mặt da, cung cấp độ ẩm, hỗ trợ làm đều màu da.
- Chiết xuất nho Bordeaux: giàu vitamin B1, B9, E và C. Giúp cung cấp độ ẩm cho làn da, khả năng chống oxy hóa cao, thúc đẩy phục hồi tái tạo bề mặt da.
- Polymer sinh học (Hi-tech Bio-Polymer): chiết xuất từ rễ hoa hướng dương hỗ trợ xóa nhăn, căng bóng da tức thì.
- AHAs (Glycolic acid, tartaric acid, mandelic acid, citric acid): loại bỏ các chất bẩn, khô ráp với axit trong nho và rượu vang, mang lại sự trắng sáng và làn da sạch, thoải mái, mềm mại. Đồng thời, giúp da sẵn sàng tiếp nhận dinh dưỡng hiệu quả."
"Chỉ định của dòng sản phẩm Chateau De Beaute?","- Độ tuổi từ 30.
- Xuất hiện lão hoá, nếp nhăn.
- Bề mặt da thiếu độ mịn màng, trắng sáng.
- Da khô thiếu ẩm."
"Tần suất chăm sóc da với bộ sản phẩm salon của dòng Chateau De Beaute như thế nào?","Đây là dòng sản phẩm chăm sóc da hàng tuần, mỗi lần trị liệu cách nhau 7 ngày.
Liệu trình trị liệu thông thường là 10 lần. Cần thăm khám & tư vấn trên nền da cụ thể."
"Thành phần Peptide trong bộ sản phẩm có điểm gì đặc biệt?","Dòng sản phẩm Forever Young cải thiện mọi dấu hiệu lão hóa da với các hoạt chất Peptide mạnh mẽ:
- M.D (Melano Dermostatyl) Peptide: Peptide ngăn ngừa nám da, làm sáng da bằng cơ chế ngăn chặn quá trình tổng hợp men Tyrosinase và làm chậm hoạt động của Melanin.
- E.T.F Peptide: Peptide chống lão hóa làm giảm và ngăn ngừa các triệu chứng lão hóa da. Kịp thời ngăn ngừa thoát ẩm qua da với cơ chế giải phóng amino acid. Tăng cường cơ chế bảo vệ da để loại bỏ mầm bệnh
- G.F Peptide: Peptide thúc đẩy tái tạo da tự thân. Hỗ trợ tổng hợp Collagen, Elastin và Lamini. Củng cố cấu trúc nền của da. Giúp làn da trở nên săn chắc, đàn hồi.
- Hexapeptide 3: Botox chay - ngăn ngừa chuyển hóa Acetylcholine, ngăn ngừa hình thành nếp nhăn như cơ chế botox. Thư giãn da mặt, tránh hình thành nếp nhăn do cảm xúc.
- Pentapeptide 3: Peptide xóa nhăn tiên tiến, kích thích sản sinh Collagen, ngăn ngừa hình thành nếp nhăn lão hóa. Kích thích nguyên bào sợi sản sinh Collagen và HA (Hyaluronic Acid). Giảm nếp nhăn sâu, nâng cấp độ săn chắc và đàn hồi của da."
"Đối tượng nào sử dụng bộ sản phẩm có hiệu quả rõ rệt?","- Từ 30 tuổi trở lên.
- Dành cho da khỏe, da hỗn hợp, da thường, da khô.
- Làn da lão hóa, lão hóa sớm.
- Da chùng nhão, chảy xệ, nếp nhăn, chân chim, bọng mắt, quầng thâm.
- Khách hàng có nhu cầu điều trị ngăn ngừa lão hóa sớm."
"Tại sao bộ Forever Young lại có tác dụng nâng cơ sau 1 lần sử dụng?","Bộ Forever Young có tác dụng nâng cơ sau 1 lần sử dụng là do:
- Sự kết hợp giữa các peptide sinh học công nghệ cao: M.D (Melano Dermostatyl) Peptide, E.T.F Peptide, G.F Peptide, Hexapeptide 3 (Botox chay), Pentapeptide 3.
- Bộ trị liệu Forever Young thực hiện các bước liên tục và kết hợp với nhau tạo hiệu ứng nâng cơ, làm mờ nếp nhăn.
- Các bước mặt nạ và massage của forever young được kết hợp đan xen với nhau giúp cấp ẩm sâu, làm da căng bóng, làm đầy nếp nhăn."
"Sản phẩm Total Renewal Serum có hiệu quả như thế nào?","Huyết thanh giàu dưỡng chất & thẩm thấu sâu, mang lại làn da căng mọng & mềm mịn và tươi sáng rõ rệt. Hoạt chất Peptide tiên tiến, độc đáo giúp tăng sinh Collagen, làm đầy nếp nhăn, giúp làn da săn chắc. Lớp biểu bì được tái tạo nhanh chóng trả lại bề mặt da tươi sáng rạng rỡ. Một giải pháp lý tưởng mang tới sự hỗ trợ hoàn hảo trong trị liệu trẻ hóa da khi kết hợp với liệu trình công nghệ cao như laser, peel, meso, …"
"Sản phẩm kem đêm dùng có tác dụng gì?","Kem dưỡng tái cân bằng và sửa chữa hệ thống bảo vệ tự nhiên của da vào ban đêm. Sự kết hợp mạnh mẽ của Peptide và Vitamin củng cố cấu trúc da, tăng sinh Collagen, giảm dấu hiệu lão hóa, cho làn da mịn màng, trẻ trung đầy sức sống. Một giải pháp lý tưởng mang tới sự hỗ trợ hoàn hảo trong trị liệu trẻ hóa da khi kết hợp với liệu trình công nghệ cao như laser, peel, meso, …"
"Kỹ thuật massage bộ Forever Young có gì khác so với các dòng sản phẩm khác?","Massage bộ Forever Young là bước quan trọng để tạo hiệu quả nâng cơ định hình gương mặt & cải thiện các dấu hiệu lão hóa:
- Kỹ thuật massage sử dụng: bài massage nâng cơ.
- Thời gian massage dài hơn các bài massage thông thường.
- Kỹ thuật viên có trình độ tay nghề cao.
Liên hệ với bác sĩ, chuyên gia của nhãn hàng Christina để được đào tạo."
"Gel chấm mụn dùng để chấm những loại mụn nào? Có bôi được toàn mặt không?","Gel chấm mụn có hiệu quả tốt nhất với những nốt mụn viêm, mụn mủ giúp giảm viêm, kháng khuẩn và làm dịu tổn thương mụn. Vì vậy, gel chấm mụn nên dùng vào vị trí các nốt mụn, chứ không cần thiết dùng toàn mặt. Và với thiết kế đầu tuýp dạng vòi nhỏ cũng sẽ thích hợp để bôi lượng ít cho các tổn thương mụn."
"Gel chấm mụn có dùng được liên tục không?","Gel chấm mụn giúp giảm viêm, kháng khuẩn và làm dịu các tổn thương mụn, hết giai đoạn viêm thì không cần thiết sử dụng nên việc dùng liên tục sẽ không đem lại hiệu quả nhiều hơn."
"Sự khác nhau giữa sữa rửa mặt mẫu cũ và mẫu mới là gì?","Mẫu mới được thay đổi thành phần nhũ hóa nên kết cấu sản phẩm có phần mỏng nhẹ hơn và khả năng tạo bọt dễ dàng hơn so với mẫu cũ. Đồng thời, mẫu mới được bổ sung BHA giúp hỗ trợ làm sạch sâu, kiềm dầu, kháng khuẩn tốt hơn cho da dầu, mụn."
"Dùng sữa rửa mặt loại mới này có bị đẩy mụn không?","Thành phần bổ sung trong mẫu mới là BHA có khả năng bạt sừng, kiềm dầu, kháng khuẩn, làm sạch sâu hơn sẽ giúp đẩy nhanh quá trình loại bỏ nhân mụn chứ không phải đẩy mụn. Vì có thêm thành phần BHA, dù nồng độ tương đối nhỏ, thì một số da mụn nhạy cảm có thể gặp tình trạng kích ứng nhẹ như đỏ da nhẹ, da khô nhẹ, có thể có sẩn mụn. Vì vậy việc tạo bọt tốt sản phẩm trên tay sau đó mới thoa lên da mặt đã làm ướt là cần thiết khi dùng sữa rửa mặt."
"Kem dưỡng kiềm dầu dùng xong da vẫn bị đổ dầu là vì sao?","ANTI ACNE Mattifying cream có chứa các thành phần giúp làm dịu da mụn và kiểm soát việc điều tiết bã nhờn. Tuy nhiên, việc bài tiết bã nhờn, ngoài do tăng hoạt động của tuyến bã nhờn thì việc da bị khô, thiếu nước cũng khiến da tiết dầu nhờn nhiều hơn. Nên nếu chỉ dùng kem dưỡng kiềm dầu mà da vẫn bị đổ dầu thì bạn nên dùng thêm các sản phẩm cấp nước cho da như một lớp lót trước khi dùng kem dưỡng kiềm dầu, ví dụ như sản phẩm Zelove của Floslek hay serum HA và nhớ bổ sung đủ nước cho cơ thể."
"Dùng kem matty mà bị vệt trắng là do đâu và khắc phục như thế nào?","Trong thành phần của kem matty có chiết xuất của hoa súng trắng tạo nên tone màu sáng cho da và cũng làm dịu da. Khi thoa kem trên nền da chưa đủ ấm có thể khiến sản phẩm không được tán đều, thêm nữa là động tác thoa, miết lại nhiều lần cũng khiến sản phẩm dễ để lại vệt trắng. Vậy để hạn chế bị vệt trắng, bạn nên dùng kèm sản phẩm cấp ẩm cho da trước khi thoa Mattifying Cream, động tác thoa nhanh và nhẹ sẽ giảm tình trạng bị vệt trắng."
"Serum có dùng được cho da dầu, mụn không?","Thành phần serum chứa chiết xuất retinol thực vậtt (Vitanol) giúp hỗ trợ quá trình điều trị mụn và thành phần viatmin C dạng SAP (Sodium ascorbyl phosphate), 1 dạng dẫn xuất bền vững hơn so với dạng LAA, ít kích ứng và phù hợp hơn với da mụn. Vì vậy, serum Revita C có thể dùng được cho da dầu, mụn."
"Serum C có khiến da bị bắt nắng không?","Với 2 thành phần chính là chiết xuất retinol thực vật giúp giải phóng tác dụng từ từ, cùng với vitamin C ở dạng SAP bền vững hơn với ánh sáng mặt trời (so với LAA) duy trì tác dụng bảo vệ da lâu dài. Và sản phẩm nên được sử dụng kèm cùng kem chống nắng để tăng cường khả năng bảo vệ da."
"Serum C dùng ban ngày hay ban tối tốt hơn?","Serum có thể dùng cả ngày và tối, sẽ đem đến tác dụng rõ rệt hơn khi dùng 2 lần/ngày."
"Kem ngày có gì khác so với kem đêm?","Về cơ bản thành phần hoạt chất của kem ngày và kem đêm là giống nhau, tuy nhiên, kem đêm có thêm một số thành phần dưỡng ẩm và nồng độ các chất dưỡng ẩm cao hơn so với kem ngày. Vì vậy kết cấu kem đêm cũng đặc hơn so với kem ngày và khả năng dưỡng ẩm lâu hơn."
"Sản phẩm peel có gây bong da không?","Sản phẩm ở dạng serum kết cấu tương đối đặc (gần giống dạng gel), sử dụng lên trên da và để qua đêm. Thành phần là tổ hợp các acid sinh học và nồng độ không cao nên sẽ không gặp tình trạng bong da. Bạn có thể thấy bong nhẹ da giống như vảy da ở các vùng da mỏng như quanh mũi và miệng, qua quá trình làm sạch da mặt, các vảy da sẽ bong theo."
"Peel có dùng được cho da mụn không?","Vì là các acid sinh học có khả năng bạt sừng nên dùng được cho da mụn, đồng thời sản phẩm có chứa phức hợp Etiolin giúp làm mờ các đốm thâm sẽ phù hợp cho các da bị thâm sau mụn."
"Dùng sản phẩm xong vẫn thấy da không đủ ẩm là vì sao?","Sản phẩm có thành phần chính là nước khoáng biển, HA và B5 giúp cấp ẩm và làm dịu da. Với thành phần HA là 1 ""nam châm"" hút nước vì vậy sẽ cần được bôi trên nên da ẩm và cơ thể cần được cung cấp đủ nước."
"Dùng zelove xong có cần bôi thêm kem dưỡng ẩm nữa không?","Zelove có kết cấu dạng gel nên khả năng khóa ẩm sẽ ở mức trung bình. Nếu dùng vào ban ngày, có thể dùng thêm một lớp kem dưỡng khóa ẩm với da khô. Với da dầu thì có thể dùng kem chống nắng ngay sau Zelove. Buổi tối thì có thể đắp  dày hơn, dùng như mặt nạ ngủ."
"Zelove có dùng được hàng ngày không?","Sản phẩm có thể sử dụng liên tục hàng ngày được. Và đặc biệt với những da đang sử dụng sản phẩm điều trị có đỏ da, bong tróc."
"Tẩy da chết Tzone là loại vật lý hay hóa học?","Tẩy da chết Tzone là tẩy da chết hóa học với tổ hợp các acid sinh học tự nhiên giúp loại bỏ da chết. Khi massage trên da sẽ tạo nên các hạt nhỏ do da chết được loại bỏ."
"Kem chống nắng Floslek có dùng được cho bà bầu không?","Kem chống nắng suncare chứa các thành phần chống nắng hóa học nên không phù hợp dùng cho bà bầu."
"Sản phẩm HA 3.5% gồm những phân tử HA nào? Nồng độ các loại HA là bao nhiêu?","- HA phân tử lớn 2%
- HA phân tử nhỏ 1,5%"
"Vì sao sau mesotherapy TXA Bright nhìn thấy nám rõ và đậm màu hơn? Trong bao lâu thì thấy mờ nám?","- TXA bright có tranexamic tác dụng ức chế sắc tố mới hình thành, peptides làm sáng, tái tạo màng đáy vì thế meso vi điểm vài lần đầu sắc tố đã hình thành từ trước có thể đẩy lên trên bề mặt theo chu trình chuyển hóa tế bào nên sẽ thấy nám đậm lên => tiếp tục meso vi điểm đến khi sắc tố cũ được loại bỏ hết.
- Phác đồ điều trị nám tối thiểu 6-8 buổi cách nhau mỗi 2 tuần. Cần thăm khám tình trạng da cụ thể để có phác đồ phù hợp.                                "
"Nồng độ của Glycolic và Retinol là bao nhiêu?","- Glycolic 1%.
- Retinol: Retinol ở dạng retinyl palmitate 30."
"Trường hợp khách có phản ứng kích ứng nhẹ với thành phần vitamin C đường bôi thoa thì có mesotherapy được Skin Renew và Skin Lift không?","Với trường hợp chắc chắn kích ứng với vitamin C không khuyến cáo mesotherapy."
"Khi nào dùng Skin Renew? Khi nào dùng Skin Lift?","- Skin Renew: da yếu cần phục hồi, sẹo lõm, trẻ hóa da (phù hợp với da dưới 35 tuổi, ít dày sừng).
- Skin Lift: da lão hóa, nhiều dấu hiệu lão hóa (phù hợp với da trên 35 tuổi)."
"Phác đồ điều trị nám trong thời gian bao lâu? Liệu trình điều trị như thế nào?","Tối thiểu 6-8 buổi mesotherapy cách nhau mỗi 2 tuần. 
Để có phác đồ phù hợp, bác sĩ chuyên gia SRS cần thăm khám & tư vấn trên nền da cụ thể."
"Chỉ định meso vi điểm Body Fit cho những trường hợp nào? Các phản ứng thường gặp sau meso vi điểm Body Fit? Thành phần chính của Body Fit là gì? Liệu trình mesotherapy bao nhiêu buổi?","- Body fit được chỉ định cho những trường hợp tích mỡ cục bộ vùng dưới cằm, cánh tay, bụng, đùi…
- Phản ứng thường gặp sau meso vi điểm: sưng nề, đỏ, tím, ngứa, đau tức vùng meso vi điểm.
- Thành phần chính: caffein, L-carnitine, PPC, hyaluronidase, cytokines…
- Liệu trình meso vi điểm: 3-5 lần cách nhau mỗi 3 tuần, kết hợp chế độ ăn uống và tập luyện thể thao hợp lý.
- Phác đồ phù hợp cần được thăm khám và tư vấn kỹ lưỡng."
"Glycolic và Retinol có mesotherapy được không? Vì sao không meso vi điểm được?","- Glycolic là acid nên không meso vi điểm trong da.
- Retinol dạng dầu nên không meso vi điểm trong da."
"Hàng meso sau khi mở nắp bảo quản như thế nào? Bảo quản tối đa trong thời gian bao lâu?","Sau khi mở nắp bảo quản trong tủ lạnh 6-8 độ, mesotherapy/ meso vi điểm được trong vòng 14 ngày; sau 14 ngày chuyển sang lăn/phi kim."
"Sau trị liệu mesotherapy da sẽ có những phản ứng như thế nào?","- Có thể hơi đỏ, nóng, một số người có thể ngứa/ mày đay thoáng qua, thông thường SRS mesotherapy tan nhanh trong vòng 1 ngày.
- Một số trường hợp có thể dị ứng, vì thế nên khai thác kĩ tiền sử dị ứng; đảm bảo nguyên tắc vô khuẩn để tránh nhiễm khuẩn, phản ứng u hạt…"
"Chăm sóc da sau mesotherapy về nhà như thế nào? Sau mesotherapy có cần kiêng gì không?","Cách chăm sóc da sau mesotherapy: 
- Trong vòng 6 giờ đầu: rửa mặt bằng nước sạch, tránh các sản phẩm mang tính lột tẩy, bôi kem chống nắng thường xuyên.
- Trong vòng 12 giờ: không sử dụng sữa rửa mặt, tẩy trang & sản phẩm có tính lột tẩy.
- Trong 48 giờ: không xông hơi, không tập thể dục cường độ cao, không áp dụng bất cứ phương pháp điều trị nào trên da mặt.
Trong 3 đến 5 ngày: sử dụng các sản phẩm dưỡng ẩm và phục hồi.
Lưu ý:
- Hạn chế treatment trong 3 ngày đầu.
- Sử dụng kem chống nắng 3 - 4 tiếng 1 lần, che chắn ánh nắng bằng các thiết bị bảo hộ.
- Hạn chế tối đa tiếp xúc với ánh nắng mặt trời trong 12 giờ đầu.
- Không ăn thức ăn có nguy cơ gây ngứa và dị ứng.
- Hạn chế đồ ăn cay nóng, chất kích thích."
"HA 3.5% meso vi điểm vào lớp nào là hiệu quả nhất?","HA meso vi điểm ở các lớp của da đều có hiệu quả tuy nhiên khi HA meso vi điểm ở trung bì nông hoặc biểu bì chỉ mang tính chất cấp ẩm tạm thời, khi meso vi điểm vào trung bì sâu ngoài việc cấp ẩm kéo dài, HA còn tạo môi trường kích thích nguyên bào sợi tăng sinh collagen, elastin để trẻ hóa làn da."
"Trong quá trình ủ tê trước mesotherapy, nếu cháy tê thì xử lý như thế nào? Cách phân biệt kích ứng do cháy tê và do sản phẩm?","Kích ứng tê thường xảy ra ở những người có da nhạy cảm, da đang treatment mạnh, da khô, thường biểu hiện màu đỏ, rát vùng 2 gò má, rãnh cười, cằm…thường xuất hiện khi ủ tê. 
Kích ứng do sản phẩm meso vi điểm xảy ra sau khi mesotherapy."
"Mesotherapy Glutathione bị đau buốt nhiều, có cách nào để giảm đau cho khách không?","- Massage tê.
- Điện di tê.
- meso vi điểm nông biểu bì.
- Kết hợp glutathione với HA, TXA…
- Về tâm lý, khi mesotherapy, khách hàng hít sâu thở đều để giảm cảm giác đau. Có thể tập trung meso vi điểm meso ở vùng nhiều nám, các phần còn lại trên mặt sẽ lăn, phi kim."
"Thành phần chính của Collagen Booster là gì? Tác dụng của các thành phần đó?","Thành phần chính của Collagen Booster là PCL (chỉ dạng lỏng) với nồng độ 30,5% giúp tăng cường khả năng làm đầy da nhanh chóng và lâu dài, nhờ khả năng kích thích tổng hợp collagen mạnh mẽ. Thêm vào đó là HA nồng độ 0.5% giúp da căng bóng và ẩm mượt hơn sau khi sử dụng."
"SPN 6 phù hợp với tình trạng da nào? Phác đồ meso vi điểm SPN 6 trong bao lâu? Mỗi lần meso vi điểm cách nhau bao lâu? Hiệu quả sau mesotherapy da thay đổi như thế nào?","- Phù hợp với những làn da có dấu hiệu lão hóa nhiều.
- Phác đồ: 3 tuần/ lần x 3 lần. Nhắc lại sau 9-12 tháng.
- Hiệu quả: trẻ hóa da (làm đầy nếp nhăn, sáng da, tăng sinh collagen…).
- Phác đồ cụ thể cần được tư vấn trên nền da thực tế."
"Tại sao lăn/ phi kim Glycolic trước Retinol? Trong điều trị trẻ hóa da kết hợp meso vi điểm HA+ Renew/ Lift + lăn/ phi Retinol được không?","- Glycolic tan trong nước, pH thấp, lăn/ phi kim trước.
- Có thể kết hợp meso vi điểm HA + Renew/ Lift sau đó tiến hành lăn/phi kim Retinol.
- Phác đồ cụ thể cần được thăm khám và tư vấn trên nền da cụ thể."
"Vitamin C nồng độ cao 22,5% meso vi điểm có xảy ra kích ứng không?","Bất kỳ sản phẩm nào cũng đều có nguy cơ kích ứng/ dị ứng, tuy nhiên tỷ lệ đó không cao. Cần thực hiện sau khi đã thăm khám kỹ lưỡng trên nền da của khách hàng."
"DMAE là hoạt chất gì? Có tác dụng gì trên da?","DMAE: dimethylaminoethanol, có cấu trúc tương tự vitamin B, Cholin, và là tiền chất của acetylcholine. DMAE có trong cấu trúc màng tế bào, nơi tập trung các chất chống oxy hóa, hỗ trợ các chất này chống lại quá trình lão hóa tế bào bởi các gốc tự do, bằng cách làm giảm các liên kết ngang của protein. Khi các chất chống oxy hóa không hoạt động và thiếu hụt DMAE ở màng tế bào, màng tế bào sẽ bị thoái hóa. Và đây được coi là nguyên nhân chính dẫn đến lão hóa tế bào."
"Thành phần chính của SPN 5 là gì? Thành phần đó có tác dụng gì?","- PDRN 1%: trẻ hóa, phục hồi da tổn thương.
- Glutathione 1%: chống oxy hóa mạnh, làm sáng da.
- HA 2%: cấp ẩm, trẻ hóa da, căng bóng.
- Peptide: trẻ hóa da tác dụng trẻ hóa, phục hồi da tổn thương, làm sáng da…"
"Thành phần của SRS Booster Activator là gì? Dùng sau meso vi điểm có tác dụng gì? Dùng trong thời gian bao lâu?","SRS Booster Activator chứa các thành phần làm dịu da: panthenol, HA, argireline, allantoin… dùng sau meso vi điểm có tác dụng làm lành tổn thương, phục hồi da…có thể dùng duy trì."
"Phác đồ meso vi điểm SPN 5 và SPN 6 khác nhau như thế nào?","- SPN5: 3 tuần/ lần x 5 lần.
- SPN6: 3 tuần/ lần x 3 lần."
"Các sản phẩm nào dùng được trong điều trị sẹo rỗ?","- Skin Renew
- SPN5
- SPN6"
"SPN 6 meso vi điểm vào lớp nào? Liều lượng meso vi điểm 1 lần bao nhiêu ml?","SPN 6 meso vi điểm vào trung bì sâu, lượng meso vi điểm phụ thuộc vào mức độ lão hóa da. Cần thăm khám cụ thể để xác định phác đồ và liều lượng hợp lý."
"Chỉ định meso vi điểm PPC cho những trường hợp nào? Các phản ứng thường gặp sau meso vi điểm PPC? Nồng độ của PPC là bao nhiêu? Liệu trình meso vi điểm bao nhiêu buổi?","-  PPC chỉ định cho các trường hợp mỡ tích tụ: mỡ bụng, mỡ dưới cánh tay, mỡ đùi, mông…u mỡ, điều chỉnh sau hút mỡ…
-  Phản ứng thường gặp sau meso vi điểm: sưng nề, đỏ, đau… vùng meso vi điểm."
"Sản phẩm có phải là thuốc, có gây phản ứng phụ thuộc hay “lờn” (giảm dung nạp) như sử dụng thuốc hay không?","Sản phẩm không phải là thuốc, có thể gây phản ứng phụ trên một số cơ địa, tuy nhiên tỷ lệ rất thấp và hầu hết an toàn cho các đối tượng sử dụng, không gây phụ thuộc hay “lờn” (giảm dung nạp) thuốc."
"Chỉ định meso vi điểm L – carnitine cho những trường hợp nào? Nồng độ của L – Carnitine là bao nhiêu? Sau mesotherapy có những phản ứng nào? Liệu trình meso vi điểm bao nhiêu buổi?","- Chỉ định: tích mỡ cục bộ, sần vỏ cam.
- Nồng độ L-carnitine: 10%
- Phản ứng thường gặp sau meso vi điểm: sưng nề, đỏ, đau… vùng mesotherapy.
- Liệu trình: 3 tuần 1 lần x 3-5 lần."
"Chăm sóc chung sau mesotherapy body như thế nào? Sau mesotherapy có lưu ý gì không?","- Không tắm và không sử dụng các sản phẩm như sữa tắm và các sản phẩm mang tính chất lột tẩy tại vùng điều trị trong vòng 24 giờ sau meso vi điểm. Sau 24 giờ có thể sử dụng hoàn toàn bình thường các sản phẩm trên.
- Uống nước tích cực 07 – 10 ngày sau meso vi điểm, ít nhất 02 lít nước/ ngày. Đồng thời tích cực tập luyện thể dục thể thao/vận động cường độ mạnh để tăng tiết mồ hôi giúp hỗ trợ đào thải mỡ sau khi bị phân giải.
- Chỉ thực hiện massage nhẹ nhàng bằng tay. Không tắm nước quá nóng, xông hơi hay áp dụng các gói trị liệu kết hợp như đánh mỡ bụng bằng sóng RF, nhiệt năng như quấn nóng, chăn điện trong vòng 07 ngày; do có nguy cơ gây hỏng thuốc đã meso vi điểm do nhiệt độ cao. Sau 07 ngày có thể áp dụng các phương pháp trên sẽ giúp tăng cường hiệu quả điều trị giảm mỡ và săn chắc vùng da sau mesotherapy.
- Không ăn các thức ăn dễ có nguy cơ gây ngứa/ dị ứng như hải sản, thịt gà… Nên áp dụng chế độ ăn nhiều chất xơ, hạn chế đạm, dầu mỡ…"
"Có thể kết hợp serum và kem Ivawhite với tretinoin hay không? Sử dụng tần suất như thế nào?","Có thể kết hợp tretinoin và bộ sản phẩm Ivawhite trong điều trị nám, tuy nhiên cần lưu ý về tần suất, liều dùng... nên được thăm khám và tư vấn kỹ trước khi sử dụng."
"Sau meso hoặc laser nốt nám, tàn nhang nên bôi serum và kem Ivawhite khi nào?","Có thể sử dụng Ivawhite sau các liệu trình xâm lấn như laser, meso... tuy nhiên cần lưu ý mức độ xâm lấn để lựa chọn thời điểm bôi phù hợp.
Ví dụ: 
- Sau meso/ laser không xâm lấn: có thể sử dụng sau 2-3 ngày.
- Sau laser xâm lấn có chảy máu: có thể sử dụng sau khi bong mài."
"Cách khắc phục tình trạng da sần, ửng đỏ của khách sau 1 lần sử dụng serum và kem Ivawhite?","Dùng dãn cách ngày, không dùng serum và kem dưỡng cùng lúc cho đến khi da quen thì bắt đầu dùng chung và tăng liều.
Khi mới sử dụng sản phẩm, da có thể chưa làm quen với các thành phần trong sản phẩm nên có thể có các dấu hiệu sần, ửng đỏ. Vì thế, để khắc phục tình trạng như trên, có thể hướng dẫn khách hàng khi mới sử dụng sản phẩm dùng liều thấp 2-3 lần/ tuần, sau đó tăng liều dùng lên. "
"Cách khắc phục tình trạng bóng dầu khi sử dụng kem chống nắng Sunlight hydrating face cream very high sun protection SPF50+ ?","Để khắc phục tình trạng da bóng dầu sau khi sử dụng kem chống nắng Sunlight hydrating face cream very hight sun protection SPF50+ có thể sử dụng serum/ dưỡng ẩm kiềm dầu trước khi bôi kem chống nắng hoặc sử dụng phấn phủ kiềm dầu sau khi sử dụng kem chống nắng."
"Kem chống nắng Sunlight hydrating face cream very high sun protection SPF50+ dùng được cho phụ nữ có thai không? Vì sao?","Kem chống nắng Sunlight hydrating face cream very high sun protection skin SPF50 có màng lọc hóa học không phù hợp với phụ nữ có thai. 
Phụ nữ có thai nên sử dụng các loại kem chống nắng có màng lọc vật lý."
"Cách khắc phục tình trạng vón khi sử dụng kem chống nắng Sunlight Mat Dry-touch fluid very high sun protection (combination/ oily sensitive) skin SPF50+?","Cách khắc phục tình trạng vón khi sử dụng kem chống nắng Sunlight Mat Dry-touch fluid very high sun protection (combination/ oily sensitive) skin SPF50+ là thoa 1 lớp dưỡng ẩm kỹ và mỏng trước khi dùng, không thoa kem chống nắng trực tiếp lên da khi da đang ướt."
"Kem chống nắng Sunlight Mat Dry-touch fluid very high sun protection (combination/oily sensitive) skin SPF50+ dùng được cho phụ nữ có thai không? Vì sao?","Kem chống nắng Sunlight Mat Dry-touch fluid very high sun protection (combination/ oily sensitive) skin SPF50 có màng lọc hóa học không phù hợp với phụ nữ có thai. 
Phụ nữ có thai nên sử dụng các loại kem chống nắng có màng lọc vật lý."
"Có thể sử dụng kem chống nắng Sunlight Mat cho độ tuổi nào?","Có thể dùng cho mọi độ tuổi nhằm mục đích bảo vệ da khỏi tác hại ánh nắng mặt trời.
Dòng sản phẩm chống nắng, bảo vệ và phục hồi da Sunlight Mat dùng được cho mọi làn da, đặc biệt là làn da nhạy cảm, da mỏng yếu, tổn thương sau liệu trình công nghệ cao như laser, meso, peel, treatment,... vì vậy có thể sử dụng kem chống nắng Sunlight Mat cho mọi độ tuổi."
"Sau liệu trình lấy nhân mụn, có thể sử dụng kem chống nắng Sunlight nào?","Tùy vào mức độ nặng của mụn mà có thể quyết định sử dụng kem chống nắng sau lấy nhân mụn hay không. Trường hợp được sử dụng kem chống nắng có thể lựa chọn Sunlight Mat/ Hydrate tùy vào nền da."
"Cicaderm Cream dùng hiệu quả nhất ở giai đoạn nào của vết thương?","Sản phẩm điều trị chuyên biệt được các bác sĩ da liễu kiểm nghiệm & khuyên dùng trong việc làm lành tổn thương nhanh chóng, ngăn ngừa nguy cơ hình thành sẹo. Chiết xuất từ vỏ cây Mimosa Tenuiflora thúc đẩy quá trình tái tạo , hỗ trợ cầm máu, đem lại hiệu quả phục hồi & làm lành tổn thương trong thơi gian nhanh nhất chính vì vậy nên sủ dụng cicaderm càng sớm càng tốt, nhất là ở giai đoạn đầu của quá trình lành thương."
"Cách khắc phục tình trạng vùng chân ngực bị đỏ da, bong da khi bôi Cicaderm Cream ?","Để hạn chế tình trạng vùng chân ngực bị đỏ da, bong da khi sử dụng Cicaderm Cream nên giữ da vùng chân ngực thông thoáng, không băng bịt kín khi thoa, không thoa Cicaderm Cream khi da còn ướt và rỉ dịch. Nếu da đã bị đỏ, tạm ngưng thoa và chỉ sát khuẩn, dùng thuốc giảm viêm đến khi da hết đỏ thì dùng lại."
"Khi khách hàng bị châm chích, rát sau khi bôi Cicaderm Cream lên vết phỏng, có nên sử dụng tiếp hay không?","Khi bôi Cicaderm Cream trong những lần đầu tiên lên vết phỏng, có thể da khách hàng sẽ bị châm chích, rát do tiếp xúc vật lý lên vết phỏng đang viêm. Nên sử dụng thêm vài lần để đánh giá chính xác hơn. Tình trạng châm chích là do cảm giác lần đầu thoa hay kích ứng."
"Có thể sử dụng Cicaderm Cream cho da khô, bong tróc trong mùa đông hay không?","Chỉ định của Cicaderm Cream là cho vết thương hở. Tuy nhiên, Cicaderm vẫn có vai trò phụ là cấp ẩm nên vẫn có thể dùng cho da khô trong mùa đông trong trường hợp không có kem dưỡng ẩm thay thế phù hợp."
"Có thể sử dụng Cicaderm Cream thay thế dưỡng ẩm trong thời gian dài được hay không?","Cicaderm Cream là sản phẩm được thiết kế để phục hồi cho da tổn thương, sau xâm lấn, vì thế Cicaderm Cream không phù hợp để thay thế cho kem dưỡng ẩm hàng ngày."
"Cicaderm Cream và Cicaderm Spray có dùng được cho vùng niêm mạc hay không?","Theo khuyến cáo của khách hàng, Cicaderm Cream và Cicaderm Spray không dùng được cho vùng niêm mạc."
"Cicaderm Cream có dùng được cho vết thương viêm, sưng, chảy mủ hay không?","Cicaderm Cream được chỉ định cho những vết thương sưng, viêm, không chảy mủ, rỉ dịch. Với những vết thương bị chảy mủ, rỉ dịch, có hiện tượng nhiễm trùng nên can thiệp bằng kháng sinh bôi hoặc uống. Sau khi vết thương không còn hiện tượng nhiễm trùng, tiếp tục thoa Cicaderm Cream để ngăn ngừa sẹo."
"Có thể dùng Cicaderm Cream thay thế kháng sinh bôi được không? Vì sao?","Cicaderm Cream có tác dụng kháng khuẩn, tuy nhiên không được xếp vào là một loại kháng sinh. Do đó đối với vết thương hở nhỏ, vết thương sạch thì chỉ cần dùng Cicaderm Cream là đủ. Còn nếu vết thương xuất hiện các dấu hiệu nhiễm trùng: chảy mủ, rỉ dịch vàng, xanh, kèm theo sốt thì cần dùng thêm kháng sinh bôi hoặc uống."
"Cicaderm Cream có dùng được cho phụ nữ mang thai được hay không? Vì sao?","Cicaderm Cream dùng được cho phụ nữ có thai và cho con bú vì chứa thành phần lành tính đối với các đối tượng này như nước khoáng Herculane, chiết xuất cây Mimosa, dầu cọ, dầu hướng dương,..."
"Khi sử dụng Cicaderm Cream cho trẻ em, cần lưu ý gì không? Có hạn chế sử dụng ở vùng khóe miệng cho trẻ hay không?","Cicaderm Cream có thể dùng cho trẻ em tuy nhiên cần có sự giám sát của người lớn. Trường hợp vùng khóe miệng bị tổn thương có thể cân nhắc bôi ở vùng da và bán niêm mạc miệng."
"Khi Cicaderm Cream tiếp xúc với niêm mạc miệng hoặc mắt của trẻ em, cần xử lý như thế nào?","Khi Cicaderm Cream tiếp xúc:
- Đối với niêm mạc miệng: chỉ cần lau sạch, rửa bằng nước muối sinh lý.
- Đối với niêm mạc mắt: rửa nhiều lần với nước muối sinh lý, nếu sau đó trẻ bị rát, cay, đau mắt... cần đưa trẻ đến viện ngay."
"Có thể sử dụng Cicaderm Cream cho vùng dưới cánh tay và vùng kín sau khi triệt lông hay không?","Cicaderm Cream được chỉ định sử dụng cho vùng da vì thế sau triệt lông vùng dưới cánh và vùng kín có thể dùng được Cicaderm Cream ở những vùng da giúp làm dịu, giảm đỏ, rát."
"Có thể sử dụng Lip Balm cho phụ nữ có thai, cho con bú, trẻ em hay không?","Lip Balm chứa các thành phần nước khoáng Herculane, vitamin B5, vitamin E, alphabisabolol,... là những thành phần lành tính có tác dụng dưỡng ẩm, làm mềm phù hợp với mọi đối tượng và an toàn cho phụ nữ có thai, cho con bú, trẻ em."
"Có thể sử dụng Lip Balm sau khi phun xăm môi hay không? Thích hợp bôi nhất khi nào?","Sau các thủ thuật phun xăm, khách hàng nên sử dụng sản phẩm theo khuyến cáo của người thực hiện. Sản phẩm Lip Balm chỉ đóng vai trò hỗ trợ dưỡng ẩm, làm mềm môi sau khi đã bong mài."
"Sau khi dùng sữa rửa mặt Aquafil Hydra Cleansing Foam da bị khô? Vì sao?","Một số trường hợp thời gian rửa mặt quá lâu, lực massage quá mạnh hoặc nền da dễ mất nước có thể bị khô sau khi sử dụng sữa rửa mặt. Lưu ý cần cấp ẩm ngay sau khi rửa mặt để da không bị khô/ mất nước."
"Da khô, mụn, kích ứng, nhạy cảm nên sử dụng loại nào của dòng Ivapur (Ivapur Mat, Ivapur Hidra, Ivapur K, Ivapur A.I)?","Da khô, mụn, kích ứng, nhạy cảm nên sử dụng kem dưỡng Ivapur Hidra vì trong sản phẩm có chứa các thành phần nước khoáng Herculane, anphabisabolol giúp làm dịu, kháng viêm, aquaphyline và bơ hạt mỡ giúp dưỡng ẩm cho da khô."
"Có thể sử dụng IVAHIDRA+ Cleansing gel for sensitive dry and atopic skin for face and body cho da mụn lưng hay không?","Có thể sử dụng sản phẩm này cho trường hợp mụn nhẹ, đối với mụn lưng nặng nên sử dụng sản phẩm anti acne (Floslek) hoặc Rose De Mer (Christina)."
"Có thể sử dụng IVAPUR HIDRA hydrating cream for sensitive and oily skin, affected by over-drying skincare cho da bong tróc do treatment hay không?","Có thể sử dụng Ivapur Hidra cho da khô, bong tróc khi điều trị mụn nhằm cung cấp độ ẩm cho da. Trường hợp da vẫn bong tróc sau khi sử dụng có thể bôi nhiều lớp hoặc thêm sản phẩm cấp ẩm kèm theo."
"Rosederm có dùng được cho bệnh lý chàm, vảy nến, viêm da mủ hay không?","Có thể sử dụng Ivapur Hidra cho da khô, bong tróc khi điều trị mụn nhằm cung cấp độ ẩm cho da. Trường hợp da vẫn bong tróc sau khi sử dụng có thể bôi nhiều lớp hoặc thêm sản phẩm cấp ẩm kèm theo."
"Purasomes meso vi điểm nông và meso vi điểm sâu có gì khác nhau không?","Về mặt hiệu quả, 2 cách meso vi điểm có hiệu quả như nhau vì cấu trúc exosome cho phép thâm nhập vào sâu trong da. Tuy nhiên về trải nghiệm, với cách meso vi điểm nông, bệnh nhân sẽ có trải nghiệm dễ chịu hơn, nốt sần ít đỏ hơn."
"Purasomes dùng để lăn/phi kim có làm giảm tác dụng so với meso  vi điểm không?","Vì cấu trúc của exosome cho phép các hoạt chất thâm nhập sâu vào trong da nên việc lăn/phi kim không làm giảm tác dụng của sản phẩm so với meso  vi điểm. Đồng thời, lăn/phi kim tạo kích thích cho quá trình sửa chữa, tái tạo da, kết hợp với exosome giúp da tăng tốc quá trình phục hồi."
"Da đang nhạy cảm, kích ứng có dùng mesotherapy Purasomes được không?","Da đang nhạy cảm kích ứng có thể sử dụng exosome cho quá trình phục hồi, nhưng sẽ không áp dụng bằng phương pháp mesotherapy, mà sử dụng dưới dạng bôi thoa hoặc điện di."
"Purasomes dùng không hết thì bảo quản như thế nào và được trong bao lâu?","Purasomes dùng không hết sẽ bọc bằng màng bọc nilon, đảm bảo vệ sinh khi bọc, để ở ngăn mát tủ lạnh và có thể sử dụng trong vòng 4 tuần"
"Tại sao Peeling System bong ít/ không bong?","Với 2 công nghệ đặc trưng là Liposome và Polymer, giúp hoạt chất thẩm thấu sâu và đi đúng đích cần điều trị, sẽ giúp tăng sinh và tái tạo sâu hơn từ bên trong mà không gây bong lột quá nhiều trên da. Bên cạnh các thành phần acid nồng độ cao như TCA, Lactic, Mandelic,... các sản phẩm peel của Dermoaroma là sự kết hợp của nhóm thành phần Bio Booster như PDRN, DMAE, tế bào gốc thực vật, giúp kích thích tăng sinh, chống oxy hoá, phục hồi và bảo vệ tế bào. Do đó, các sản phẩm Peeling System hỗ trợ tái tạo da mà không chờ thời gian phục hồi, cải thiện các tình trạng, vấn đề da một cách an toàn và chuyên sâu."
"Peeling System dùng không hết thì bảo quản như thế nào và dùng trong bao lâu?","Peeling System dùng không hết có thể bảo quản ở nhiệt độ phòng, khô ráo, thoáng mát, tránh ánh nắng trực tiếp và có thể sử dụng đến khi hết sản phẩm."
"Giải thích hiện tượng sản phẩm Purasome đổi màu?","Đối với một số trường hợp sản phẩm có hiện tượng tương tác giữa các peptide, có những peptides hoạt động trong môi trường dung môi nó nhạt hơn hoặc đậm hơn thì các peptides còn lại lập tức chuyển màu tương tự, tuy nhiên vẫn có thể sử dụng bình thường và chất lượng sản phẩm không thay đổi."
"Tại sao nên ứng dụng sản phẩm Purasomes bằng phương pháp lăn phi kim?","Công dụng của các thành phần trong Purasomes nhằm thúc đầy quá trình sửa chữa, tái tạo và phục hồi mô da. Khi kết hợp cùng phương pháp lăn, phi kim, tạo ra một số lượng lớn các vi tổn thương, từ đó kích thích quá trình tăng sinh và lành thương. Kết hợp cả lăn, phi kim và exosome đem lại 1 quá trình sửa chữa và phục hồi da toàn diện, giúp da săn chắc và mịn màng."
"Trường hợp khách tiêm Purasomes Nutri Complex đến ngày thứ 5 vẫn có những nốt đỏ thì là bình thường hay có vấn đề gì không ạ? Và cách xử lý như thế nào?","Sau meso, khách hàng có thể xuất hiện 1 vài phản ứng như vết đỏ do kim, vết bầm xuất huyết, nốt sần. Thông thường các hiện tượng này chỉ tồn tại trong 1 vài ngày đầu (vết kim 2-3 ngày, vết bầm 5-7 ngày, nốt sần 2-3 ngày). Với trường hợp sau meso 5 ngày vẫn còn nốt sần, dát đỏ ở vị trí nốt sần thì đây là tình trạng cần theo dõi và xử lý. Có thể liên quan đến quy trình thực hiện kĩ thuật chưa đảm bảo hoặc do nền da nhạy cảm của khách hàng. Xử lý với thuốc bôi giảm viêm + dưỡng ẩm phục hồi, đắp mask, điện di và chống nắng cẩn thận."
"Khách hàng tiêm Purasomes Skin Glow sau 19 tiếng vẫn còn các nố sần nhẹ, đỏ thì xử lý như thế nào?","- Trường hợp này, nốt sần đỏ vẫn còn sau 19 tiếng là bình thường. Với các sản phẩm meso làm sáng da và cải thiện vấn đề sắc tố (có chứa các hoạt chất làm trắng sáng) thường gây đau buốt cho khách hàng. Khách hàng sẽ có phản ứng mạnh hơn so với các sản phẩm khác nên các nốt meso có thể sẽ đỏ lâu hơn.
- Xử lý: Đắp mask cấp ẩm, phục hồi và điện di lạnh.
- Phản hồi case này: KH sử dụng mask giấy lạnh, sau 3 tiếng, da tan hoàn toàn các nốt sần, không còn đỏ, không phải sử dụng thuốc bôi hay sản phẩm đặc biệt nào sau đó. Tổng thời gian nốt sần của khách biến mất hoàn toàn là 21 tiếng (chưa đầy 1 ngày) là bình thường."
"Quá trình lọc dòng chéo và siêu ly tâm có gì đặc biệt để đảm bảo về mặt số lượng và chất lượng của các exosomes thành phẩm?
(Hay: Tính toàn vẹn của các exosome và GF được đảm bảo như thế nào?)","Tính toàn vẹn của các GF và exosome trong sản phẩm được đảm bảo vì thực tế rằng tất cả các pha của quy trình sản xuất và tách chiết đều được thực hiện bằng việc sử dụng các quy trình lọc micro-, nano- và siêu ly tâm, luôn duy trì ở nhiệt độ thấp và giá trị pH trung tính. Phương pháp này cho phép đảm bảo tính toàn vẹn của màng exosome và hoạt tính sinh học của các GF."
"Có nên uống liên tục Collagenat và lượng uống hằng ngày là bao nhiêu?","Nên sử dụng liên tục trong thời gian trị liệu tấn công là 1 tháng, mỗi ngày sử dụng 1 ống. Sau thời gian tấn công, khách hàng có thể sử dụng liệu trình duy trì. 1 năm uống 2-3 đợt tùy từng tình trạng da được tư vấn cụ thể"
"Nên uống Collagenat khi nào là tốt nhất?","Thời điểm buổi sáng là thời gian cơ thể hấp thụ dinh dưỡng tốt nhất. Với những người không có vấn đề về dạ dày thì uống trước bữa ăn sáng, còn những người có vấn đề dạ dày thì dùng sau ăn sáng 30 phút."
"Phụ nữ có thai và cho con bú có dùng Collagenat được không?","Trong giai đoạn mang thai và cho con bú, nội tiết tố ở phụ nữ có sự thay đổi nhiều, ảnh hưởng đến quá trình trao đổi chất và chuyển hóa, nên sản phẩm không được khuyến cáo sử dụng trong giai đoạn này."
"Nên uống collagen dạng nào là tốt nhất?","Dạng collagen thủy phân được bào chế dưới dạng nước đã pha sẵn là dạng sử dụng tốt nhất hiện tại vì dễ dàng hấp thu cũng như đảm bảo về hàm lượng, nồng độ các chất. Và đây cũng là dạng tiện lợi cho việc sử dụng."
"Collagenat có làm tăng cân hay nổi mụn không","Thành phần hoạt chất có trong sản phẩm không có thành phần gây mụn hay kích thích ăn khiến tăng cân. Sản phẩm chứa các chất có khả năng chống oxy hóa như vitamin C, resveratrol giúp thải độc cho cơ thể nói chung và da nói riêng, nên một số trường hợp da khách hàng có thể nổi mụn, nhưng tình trạng này sẽ tự hết khi cơ thể được thải độc tốt."
"Có thể bổ sung thêm các thực phẩm có collagen khi uống cùng Collagenat?","Lượng  bổ sung collagen của CollagenaT hiện tại là 5000mg là hàm lượng tối đa để bổ sung, nên không cần thiết bổ sung collagen qua các thực phẩm bổ sung khác."
"Sản phẩm Collagen Plus có gì khác biệt với CollagenaT","Collagen Plus được bổ sung thêm HA gấp 1.5 lần so với CollagenaT"
"Sản phẩm Collagen noage / Plus lắng cặn có ảnh hưởng đến chất lượng không?","Phản hồi về thông tin sản phẩm Collagen No-age Drink: sản phẩm có thể đóng cặn qua thời gian bảo quản và lưu thông.
Chúng tôi khẳng định đây chỉ là hiện tượng lắng của vi chất nhưng sản phẩm vẫn đảm bảo chất lượng an toàn, không bị thay đổi mùi vị, không ảnh hưởng đến chất lượng sản phẩm. Đối với Collagen No-age Drink, nhà sản xuất có khuyến cáo lắc đều trước khi uống để vi chất phân bố đều trong sản phẩm.
Trong quá trình sản xuất, nhà máy đã tiến hành kiểm tra, kiểm soát chặt chẽ, từ khâu nguyên liệu đầu vào, bán thành phẩm đến thành phẩm, trước khi xuất kho, nhà máy đã kiểm tra chất lượng sản phẩm với các chỉ tiêu cảm quan, hóa lý, vi sinh. Tất cả các quá trình này đều được thực hiện theo tiêu chuẩn ISO9001-2008, ISO22000, ISO134852012, chứng nhận Ivegan và chứng chỉ nhà máy đạt chuẩn GMP."
"Có thể sử dụng Skin Detox cùng các loại vitamin tổng hợp khác được không?","Hoàn toàn có thể sử dụng cùng các loại vitamin tổng hợp khác, không có tương tác nào của các loại bổ sung vitamin với Skin Detox. Các thành phần trong sản phẩm là những thành phần lành tính, an toàn và thân thiện với cơ thể."
"Dùng Skin Detox trong bao lâu thấy có hiệu quả?","Thường sau khoảng 1 tháng sử dụng liên tục sản phẩm, bạn sẽ cảm nhận được làn da trở nên khô thoáng, giảm bớt dầu nhờn, làn da trở nên sáng hơn. Với những làn da nhiễm độc nhiều thì thời gian để thấy sự thay đổi rõ rệt có thể tới 2 tháng.
"
"Có thể dùng Skin Detox thường xuyên được không?","Sản phẩm giúp thanh lọc, thải độc cho làn da cũng như giúp kiềm dầu, nên bạn sẽ sử dụng liên tục từ 1-3 hộp hoặc đến khi da thấy được sự thay đổi, da không đổ dầu nhiều, làn da trở nên sáng đều hơn"
"Skin Detox chống chỉ định cho những đối tượng nào?","Phụ nữ có thai và cho con bú, trẻ em dưới 15 tuổi, người mẫn cảm với bất cứ thành phần nào của viên uống."
"Uống Skin Detox vào thời điểm nào là tốt nhất?","Sử dụng trước bữa ăn chính, sáng hoặc trưa, sẽ hỗ trợ tốt nhất cho việc thải độc, cũng như hỗ trợ chức năng của gan"
"Khi uống sản phẩm, mụn đẩy lên thì có cần dùng thuốc trị mụn hay có đi lấy mụn được không?","Khi bị đẩy mụn, bạn có thể dùng sản phẩm chấm mụn để giảm quá trình viêm nhiễm, ngăn cho mụn không lây lan, có thể đi lấy nhân mụn để giúp giải phóng nhanh tổn thương mụn, làm sạch da."
"Đối tượng thích hợp sử dụng viên uống chống nắng  Solesan Protect?","Dành cho tất cả mọi người từ trên 15 tuổi để giảm tác hại của ánh sáng mặt trời, bảo vệ da. Đặc biệt phù hợp cho những người thường xuyên phải tiếp xúc với môi trường nắng nóng, người đang có vấn đề về sắc tố da như sạm, nám, tàn nhang…"
"Viên uống Solesan Protect có gây tác dụng phụ không?","Thành phần của sản phẩm hoàn toàn từ thảo dược tự nhiên nên hầu như không gây tác dụng phụ."
"Có thể dùng Solesan Protect với liều cao thường xuyên để tăng cường hiệu quả được không?","Sử dụng liều cao 2 viên/ngày chỉ trong thời gian ngắn như khi đi tắm nắng, hay thời gian làm việc ở môi trường nắng nóng kéo dài, ít có che chắn, còn thông thường chỉ cần dùng liều lượng 1 viên/ngày là đủ"
"Uống Solesan Protect vào thời điểm nào là tốt nhất?","Uống trước khi ra nắng 20-30 phút là thời điểm tốt nhất để tận dụng tối đa khả năng bảo vệ da của sản phẩm."
"Kết hợp uống Solesan Protect khi thoa đủ lượng Kem chống nắng thì sẽ có thêm những lợi ích nào?","Kết hợp cả viên uống và kem chống nắng đủ lượng sẽ giúp bảo vệ da tối đa, ngăn quá trình tăng sắc tố, giúp làm sáng da từ bên trong."
"Sự khác biệt về màu sắc giữa các viên có ảnh hưởng đến chất lượng sản phẩm không?","Vì thành phần là hoàn toàn từ thảo dược tự nhiên, không chứa chất bảo quản nên hiện tượng viên uống có những sự khác biệt về màu sắc không làm ảnh hưởng đến chất lượng sản phẩm."
"Phác đồ uống Oxantin như thế nào?","Chia thành 2 giai đoạn: Tấn công và duy trì.
- Tấn công: Uống liên tục từ 1-2 tháng. 
  + Nếu tăng cân: Điều chỉnh lại chế độ ăn, hoạt động thể lực, các phương pháp khác đang sử dụng.
  + Nếu giảm cân: Chuyển sang giai đoạn duy trì.
Duy trì: Sau khi đạt hiệu quả tiếp tục duy trì uống Oxantin khi khách hàng cảm thấy cân nặng ổn định và ko giảm thêm."
"Cơ chế giảm cân của Oxantin?","2 cơ chế  chính: ngăn cản cơ thể tích tụ mỡ và tăng cường đốt cháy chuyển hóa mỡ thừa."
"Điểm khác biệt của Oxantin với các sản phẩm giảm cân hiện nay trên thị trường?","Thành phần từ thảo được thiên nhiên
- Cơ chế giảm mỡ an toàn, lành tính, không tác dụng phụ
- Giảm mỡ đồng thời cung cấp năng lượng cho các hệ cơ quan khác hoạt động
- Hỗ trợ bệnh lý tiểu đường và rối loan lipid máu."
"Lưu ý khi sử dụng Oxantin là gì?","Uống Oxantin làm cho hệ thống tiêu hóa hoạt động tích cực hơn. Nên có thể đi đại tiện 2-3 lần/ngày trong thời gian đầu. Thanh lọc cơ thể bằng cách uống nhiều nước và chia làm nhiều lần trong ngày. Có thể gia tăng cơn thèm ăn trong thời gian đầu, do đó nên bổ sung nhiều trái cây, rau trong giai đoạn này.
Chú ý nên kết hợp chế độ ăn giảm đường và tinh bột trong giai đoạn tấn công, kết hợp tập thể dục phù hợp để đạt được hiệu quả giảm cân cao nhất."
"Sử dụng Oxantin có tốt cho sức khoẻ không?","Oxantin giúp hỗ trợ tiêu hóa tốt hơn. Giảm chướng bụng, ợ hơi, tiêu hóa chậm, táo bón. 
Oxantin còn giúp giảm các chất béo có hại trong máu và trong thành động, tĩnh mạch. Do đó còn tốt cho hệ tim mạch. 
Như vậy sử dụng Oxantin không chỉ giúp giảm mỡ mà còn có lợi cho sức khỏe!"
"Tại vì sao viên uống Oxantin có những màu sắc không đồng nhất?","Oxantin là thực phẩm chức năng với các thành phần chiết xuất hoàn toàn từ thảo dược tự nhiên nên màu sắc viên uống có thể thay đổi theo từng mùa khác nhau."
"Người có bệnh nền cao huyết áp có sử dụng Immuno Plus được không?","Hiện tại sản phẩm không có chống chỉ định cho người gặp vấn đề về cao huyết áp."
"PNCT và cho con bú có dùng được Immuno Plus không?","Các đối tượng này cần được thăm khám lâm sàng, tư vấn y khoa từ bác sĩ trước khi sử dụng."
"Có sử dụng Immuno Plus thường xuyên được không?","Sản phẩm giúp bồi bổ và nâng cao thể trạng cũng như khả năng miễn dịch nên có thể sử dụng thường xuyên trong thời gian dài."
"Sử dụng thường xuyên Immuno Plus có ảnh hưởng đến vấn đề tiêu hoá không?","Các thành phần có trong sản phẩm không gây ảnh hưởng đến quá trình tiêu hóa, nên có thể sử dụng thường xuyên."
"Có cần hạn chế khẩu phần ăn khi đã dùng đủ liều Immuno Plus không?","Sản phẩm chỉ bổ sung những chất hoạt tính sinh học, giúp nâng cao khả năng phòng vệ tự nhiên của cơ thể, bạn vẫn cần bổ sung đầy đủ khẩu phần ăn theo thể trạng cá nhân."
"Bệnh nhân ung thư đang thực hiện xạ trị, hoá trị có sử dụng thêm Immuno Plus được không?","Cần thiết sử dụng cho bệnh nhân ung thư đang thực hiện xạ trị, hóa trị hoặc đang dùng các thuốc ức chế miễn dịch để nâng cao sức đề kháng, thể trạng"
"Tại sao một số hoạt chất mang đến cảm giác buốt khi Meso vi điểm?","Khi thực hiện Meso vi điểm, việc xuất hiện cảm giác đau, buốt phụ thuộc vào các yếu tố sau: 
- Độ pH của thành phần: Độ pH của sản phẩm chênh lệch càng nhiều so với pH của tế bào da, càng gây cảm giác đau buốt.
- Kích thước của thành phần: Kích thước càng to, càng gây cảm giác đau buốt.
- Điện tích: Để thâm nhập vào sâu bên trong nhân tế bào, sản phẩm phải thay đổi điện tích của tế bào để tạo đường dẫn, dẫn đến cảm giác đau buốt.
- Cơ chế tác động của từng sản phẩm: Cơ chế tác động của sản phầm càng tác động sâu vào cơ chế đảo ngược của da (ví dụ biến Eumelanin - sắc tố màu nâu đen) thành Pheomelanin - sắc tố màu nâu đỏ), sẽ càng có khả năng gây đau buốt. 
- Tế bào thụ cảm của mỗi người: Người sở hữu càng nhiều tế bào thụ cảm, sẽ cảm nhận được sự đau buốt nhiều hơn. "
"Với sản phẩm Glutathione và Ascorbic Acid, lý do gây đau buốt khi meso  vi điểm là gì?","Với hai sản phẩm Mesotheraphy làm trắng, trị nám là Glutathion và Ascorbic Acid, sẽ có những yếu tố sau có thể gây nên cảm giác đau buốt khi meso  vi điểm
- Độ pH thấp (Acid) khi đưa vào da sẽ gây cảm giác nóng buốt.
- Để đi qua màng tế bào, hai hoạt chất này phải đảo điện tích màng tế bào, tạo đường dẫn để xâm nhập qua màng tế bào nên tạo ra cảm giác đau buốt.
- Cơ chế tác động của Glutathione là biến các sắc tố màu nâu đen (eumelanin) thành màu nâu đỏ (pheomelanin) dễ dàng phân rã hơn, nên có thể gây nên cảm giác đau buốt."
"Với sản phẩm Glutathione và Ascorbic Acid, làm thế nào để giảm thiểu đau buốt khi meso  vi điểm?","Để giảm thiểu cảm giác đau buốt, có thể thực hiện những phương pháp sau: 
- Massage tê. 
- Điện di tê. 
- Meso nông biểu bì. 
- Kết hợp Glutathione, Ascorbic Acid với HA, TXA… - Về tâm lý, khi mesotherapy, khách hàng hít sâu thở đều để giảm cảm giác đau. 
-Có thể tập trung meso  vi điểm meso ở vùng nhiều nám, các phần còn lại trên mặt sẽ lăn, phi kim. "
"Với sản phẩm HA. 3.5%, lý do gây đau buốt và lâu tan khi meso  vi điểm là gì?","Với sản phẩm HA 3.5%, sẽ có những yếu tố sau có thể gây nên cảm giác đau buốt và lâu tan khi meso vi điểm:
- Sản phẩm có độ nhớt cao, khi meso vào da thì sẽ gây ra sự chèn ép các mô xung quanh, tác động đến các sợi và đầu mút thần kinh gây ra cảm giác buốt.
- Độ nhớt của sản phẩm cũng khiến các nốt sần chậm tan hơn
- Do Phản ứng viêm trên da (có nhiều nguyên nhân) khiến cho khu trú hoạt chất tại điểm đưa vào và làm cho chúng chậm khuếch tán ra môi trường xung quanh."
"Với sản phẩm HA 3,5%, làm thế nào để giảm thiểu đau buốt khi meso  vi điểm?","Để giảm thiểu cảm giác đau buốt, có thể thực hiện những phương pháp sau: 
- Massage tê. 
- Điện di tê. 
- Mix HA cùng với các sản phẩm khác như Skin Lift, Skin Renew.... để làm giảm độ nhớt của sản phẩm và tăng cường hiệu quả trẻ hoá.   
- meso  vi điểm vào tầng sâu (trung bì): Đối với HA là 1 chất hút nước, khi meso vào tầng nông của da (thượng bì) thì nốt sần sẽ chậm tan hơn khi đưa vào tầng sâu (trung bì), do lượng nước ở thượng bì ít hơn so với trung bì nên việc hút nước và khuếch tán của HA sẽ bị chậm."
"Vì sao sau mesotherapy TXA Bright nhìn thấy nám rõ và đậm màu hơn?","TXA bright có Tranexamic tác dụng ức chế sắc tố mới hình thành, peptides làm sáng, tái tạo màng đáy vì thế meso vi điểm vài lần đầu sắc tố đã hình thành từ trước có thể đẩy lên trên bề mặt theo chu trình chuyển hóa tế bào nên sẽ thấy nám đậm lên => tiếp tục meso vi điểm đến khi sắc tố cũ được loại bỏ hết."
"Tại sao nên ứng dụng lăn phi kim với sản phẩm Purasomes?","Sử dụng phương pháp lăn phi kim sẽ tạo NHIỀU TỔN THƯƠNG GIẢ HƠN từ đó, tạo nhiều ĐƯỜNG DẪN HƠN so với meso vi điểm.
Ngoài ra, khi ứng dụng phương pháp lăn phi kim kết hợp Exosomes sẽ hỗ trợ phục hồi lớp màng đáy cho da -> hiệu quả phục hồi, tái tạo và điều trị da rõ rệt"
"Sản phẩm Purasomes nên meso  vi điểm nông hay sâu?","meso vi điểm nông thượng bì sẽ cho trải nghiệm thoải mái, dễ chịu hơn với khách hàng. Vì trong AMPLEX+ sẽ chứa hàm lượng lớn các yếu tố tăng trưởng, các cytokine... các cytokine tham gia vào phản ứng viêm để sửa chữa tái tạo mô nên khi đưa vào lớp trung bì có thể sẽ có cảm giác nóng, buốt nhẹ do kích thích các sợi thần kinh ở lớp này. 
Việc đưa sản phẩm vào lớp thượng bì sẽ hạn chế việc kích thích thần kinh, nên sẽ giảm cảm giác khó chịu trên da. 
Exosome là các nang có màng lipid nên dù đưa vào lớp thượng bì thì sản phẩm vẫn dễ dàng khuếch tán và thẩm thấu đến các mô xung quanh mang lại hiệu quả tối ưu."
"Tại sao Peeling System bong ít/ không bong?","Với 2 công nghệ đặc trưng là Liposome và Polymer, giúp hoạt chất thẩm thấu sâu và đi đúng đích cần điều trị, sẽ giúp tăng sinh và tái tạo sâu hơn từ bên trong mà không gây bong lột quá nhiều trên da. 
Bên cạnh các thành phần acid nồng độ cao như TCA, Lactic, Mandelic,... các sản phẩm peel của Dermoaroma là sự kết hợp của nhóm thành phần Bio Booster như PDRN, DMAE, tế bào gốc thực vật, giúp kích thích tăng sinh, chống oxy hoá, phục hồi và bảo vệ tế bào. 
Do đó, các sản phẩm Peeling System hỗ trợ tái tạo da mà không chờ thời gian phục hồi, cải thiện các tình trạng, vấn đề da một cách an toàn và chuyên sâu. "
"Khi meso vi điểm HA, gặp hiện tượng sần lâu (trên 3 ngày) cần làm gì để khắc phục","TH khách meso đến nay là 3 ngày chưa tan ngoài phụ thuộc vào nồng độ của sản phẩm thì còn phụ thuộc vào độ nông sâu mỗi nốt meso vi điểm. 
HA meso vi điểm nông trên thượng bì sẽ lâu tan hơn sâu xuống trung bì nông.
Để xác định phương pháp khắc phục nốt sần, thực hiện theo như hướng dẫn dưới đây:
Nếu sờ không thấy vết sần -> khả năng thuốc đã tan hết, hiện tượng trên là do da sần, Khách hàng có thể peel nhẹ nhàng trên da để làm giảm độ sần trên da và bạt sừng.
Nếu sờ thấy vết sần -> tăng cường massage, đắp mặt nạ và điện di."
"Trường hợp khách hàng da sần, đỏ, nhạy cảm, có hiện tượng nhạy cảm, có thể sử dụng Exosomes hoặc những sản phẩm Meso phục hồi không?","Khách hàng có thể sử dụng được những sản phẩm phục hồi như Purasomes NC 150, tuy nhiên, ở những buổi đầu có thể gặp hiện tượng kích ứng tê, hoặc đẩy mụn.
Với trường hợp kích ứng tê, có thể đắp mặt nạ siêu cấp ẩm trước rồi mới ủ tê.
Với trường hợp đẩy mụn, theo sát để lấy nhân mụn sau đó. "
"Các sản phẩm Preime có thể Mix được cùng các sản phẩm SRS không?","Các sản phẩm của Preime và SRS có thể mix được với nhau tuỳ theo tình trạng da của khách hàng."
"Một số trường hợp da mỏng yếu, giãn mao mạch có chống chỉ định với bộ đôi Ivawhite không?","Các sản phẩm của Ivawhite không chống chỉ định với làn da nào, một số trường hợp da mỏng yếu/ cơ địa có thể kích ứng khi mới sử dụng trong thời gian đầu thì mình giảm tần suất (2-3 lần/ tuần, thay vì sử dụng hàng ngày) và tăng dần để da thích nghi với sản phẩm."
"Xin tổng hợp tài liệu về mã sản phẩm Ivawhite của hãng bằng tiếng anh và đặc biệt là thành phần 4 - n - butylrecorcinol","[1] Kolbe L, Mann T, Gerwat W, Batzer J, Ahlheit S, Scherner C, Wenck H, Stäb F. 4-n-butylresorcinol, a highly effective tyrosinase inhibitor for the topical treatment of hyperpigmentation. J Eur Acad Dermatol Venereol. 2013 Jan;27 Suppl 1:19-23. doi: 10.1111/jdv.12051. PMID: 23205541.

[2] Okubo T, Oyohikawa M, Futaki K, Matsukami M, Fujii A. The inhibitory effects of 4-N-butyl-resorcinol on melanogenesis [abstract] J Dermatol Sci. 1995;10:88.

[3] Mohan, M.; Gowda, A.; Jaiswal, A.K.; Kumar, B.S.; Shree, S.; Gangaboraiah, B.; Shamanna, M. Assessment of efficacy, safety, and tolerability of 4-n-butylresorcinol 0.3% cream: An Indian multicentric study on melasma. Clin. Cosmet. Investig. Dermatol. 2016, 9, 21–27.

[4] Espin JC, Varon R, Fenoll LG et al. Kinetic characterization of the substrate specificity and mechanism of mushroom tyrosinase. Eur J Biochem 2000; 267: 1270–1279.

[5] Garcia-Molina F, Hiner AN, Fenoll LG et al. Mushroom tyrosinase: catalase activity, inhibition, and suicide inactivation. J Agric Food Chem

2005; 53: 3702–3709. 

[6] Huh SY, Shin JW, Na JI, Huh CH, Youn SW, Park KC. The Efficacy and Safety of 4-n-butylresorcinol 0.1% Cream for the Treatment of Melasma: A Randomized Controlled Split-face Trial. Ann Dermatol. 2010 Feb;22(1):21-5. doi: 10.5021/ad.2010.22.1.21. Epub 2010 Feb 28. PMID: 20548876; PMCID: PMC2883392."
"Xin phác đồ điều trị rạn da với sản phẩm SPN-6","Liệu trình lăn kim 1-1,5mm x 3 tuần/ lần x tối thiểu 5 lần.
Tuy nhiên nếu là rạn trắng sẽ cần nhiều thời gian, số buổi hơn rạn đỏ."
"Tại sao một số sản phẩm HA có mùi khá nồng? (Ví dụ: Aquafil HA, Christina Theraskin HA)","Mùi hương của sản phẩm là mùi kết hợp giữa các nguyên liệu thô trong sản phẩm, không phải mùi cụ thể của thành phần nào. 
Ngoài ra, thông tin thêm là trên thị trường, công nghệ sản xuất HA được thực hiện chủ yếu là công nghệ Operon từ các vi khuẩn lên men nên có thể dẫn đến mùi hương hơi nồng."
"Người cắt mí đang uống kháng sinh có được meso không","Khách hàng sau khi dừng kháng sinh có thể thực hiện phương pháp mesotherapy"
"Tại sao khi apply sản phẩm số 7 của Line Repair dễ bị vón","Hiện tượng sử dụng sản phẩm Line Repair bị vón thường xuất hiện khi khách hàng da rất khô, sau khi thoa tinh chất, tinh chất thấm nhanh vào da, sau đó, thoa sản phẩm Kem dưỡng sử dụng lực miết mạnh khiến sản phẩm vón.
Cách khắc phục: 
Nếu sử dụng Tinh chất cùng điện di, lượng Tinh chất sẽ cần nhiều hơn. Khi apply Kem dưỡng, sẽ chấm nhiều điểm rồi vỗ để kem thẩm thấu thay vì miết."
"Vì sao sau Mesotherapy, da khách hàng xuất hiện dịch vàng?","Hiện tượng chảy dịch vàng sau Mesotherapy có thể do dã bị nhiễm trùng khi thực hiện meso vi điểm sản phẩm. 
Nguyên nhân gây nhiễm trùng có thể nằm trong những lý do sau đây: 
- Quy trình vô khuẩn dụng cụ/ sát khuẩn da không đảm bảo.
- Quy trình bảo quản thuốc không đảm bảo: Ví dụ khi bọc màng bảo quản vẫn giữ nguyên kim tại nắp lọ/ Thuốc bảo quản quá 14 ngày/ Nhiệt độ bảo quản không ổn định....

Cách khắc phục: 
- Ngưng các sản phẩm dưỡng da thông thường. 
- Sử dụng Cicaderm kết hợp thuốc bôi giảm viêm theo chỉ định của bác sĩ đến khi hồi phục."
"Thời gian lưu trữ của các phương pháp Mesotherapy","Các sản phẩm Mesotherapy có thể ứng dụng đa phương pháp và thời gian lưu trữ ngăn mát tủ lạnh như sau: 
Bôi thoa thông thường/ điện di: tối đa không quá hạn sử dụng sau mở nắp trên bao bì 
Lăn phi kim: tối đa là 30 ngày
meso  vi điểm: tối đa là 14 ngày"
"Khi thực hiện meso vi điểm Mesotherapy có thể mix với Licocain để giảm đau không?","Việc mix Licocain để giảm đau phụ thuộc vào chỉ định của bác sĩ chuyên môn. 
Khi mix thuốc tê thực hiện meso vi điểm, khách hàng cần được kiểm tra kỹ càng và theo sát sau đó."
"Mẹ bầu có bôi được Floslek White & Beauty Spot Lightening cream 50ml không?","Sản phẩm Floslek White & Beauty có thể dùng cho PNCT"
"Khi meso  vi điểm nên dùng loại kim nào?","Khi meso  vi điểm nên dùng loại kim 34G 4mm, không nên dùng các loại kim to hơn vì có thể gây tổn thương cho da."
"Sản phẩm Theraskin HA có độ đặc loãng khác nhau","HA Theraskin 50ml là size được đặt riêng cho một số Quốc gia, trong đó có Việt Nam với công thức toàn cầu của sản phẩm HA từ nhãn hàng Christina.
Độ đặc loãng của các sản phẩm có khác nhau là do nồng độ cpu - dung môi tạo độ đặc loãng trong các sản phẩm khác nhau, đây là tỉ lệ nằm trong mức cho phép của sản phẩm Mỹ phẩm.
Nhãn hàng Christina và công ty Y dược VHN khẳng định công thức, chất lượng, độ an toàn của tất cả các sản phẩm đều được đảm bảo."
"Một số sản phẩm Mesotherapy bị cặn trắng có thể sử dụng được không?","Về lý thuyết, các sản phẩm có cặn nhưng vẫn còn hạn sử dụng vẫn có thể sử dụng được. Khách hàng lưu ý thêm về việc bảo quản bao gồm: môi trường, nhiệt độ.... Ngoài ra, khi lấy thuốc, có thể bỏ phần cặn, chỉ lấy phần trong suốt."
"Khi thực hiện liệu trình RDM được khoảng 2 ngày, chưa thấy hiện tượng bong nhưng rất ngứa, có vấn đề gì không? Làm gì để giảm ngứa?","Khi peel sản phẩm RDM được 2 ngày, việc chưa bong và xuất hiện ngứa là bình thường. Để giảm ngứa, khách hàng có thể sử dụng các sản phẩm dưỡng ẩm dịu nhẹ và bôi 1 lớp mỏng. 
Ngoài ra có thể sử dụng thuốc uống theo chỉ định của bác sĩ."
"Khi thực hiện các phương pháp peel không đúng kỹ thuật bị tăng sắc tố, cần làm gì để cải thiện","Các trường hợp bị tăng sắc tố sau peel, trước tiên, cần được phục hồi lớp hàng rào bảo vệ. Sau đó khách hàng có thể sử dụng phương pháp Meso kết hợp Laser để điều trị tăng sắc tố, thời gian phục hồi từ 1-6 tháng tuỳ tình trạng tăng sắc tố nhẹ hay mạnh. 

Meso có thể kết hợp phục hồi và điều trị tăng sắc tố là SPN-5 và Glutathion."
"Tại sao sau khi meso vi điểm Meso da khách hàng vẫn có hiện tượng khô và tăng sắc tố?","Hiện tượng da khô và tăng sắc tố sau Meso có thể do chăm sóc da sau Meso chưa được đầy đủ. 
Sau khi Meso xong, Khách hàng cần dưỡng ẩm đầy đủ bằng cách đắp mặt nạ và bảo vệ da hoàn hảo cùng kem chống nắng và khẩu trang, mũ nón..."
"Phương pháp meso vi điểm Mesotherapy có chống chỉ định với PNCT và cho con bú không?","Có, phương pháp meso vi điểm meso chống chỉ định cho hai đối tượng này."
"Những lưu ý về chăm sóc da sau khi thực hiện Peel với RDM?","1. Trong 2 ngày đầu tiên sau khi thay da, đảm bảo làm khô da và giữ vệ sinh cho da, cần tránh tiếp xúc với ánh sáng tuyệt đối.
2. Sau hai ngày, làn da trở nên đặc biệt là khô và bắt đầu bong tróc. Tại thời điểm này, bắt buộc phải sử dụng các sản phẩm dưỡng ẩm, làm dịu và phục hồi cho da, chống nắng.
3. Lưu ý sử dụng kem chống nắng, kem phục hồi, dưỡng ẩm cho da.
4. Không wax lông.
5. Không nhuộm tóc.
6. Sau khi thực hiện trị liệu body, cần mặc áo thun rộng thoải mái, tránh cọ xát vào vùng da trị liệu, không tập thể dục, không bơi lội, tắm gội tránh tiếp xúc với vùng da sau trị liệu, tránh nằm tì đè lên vùng da sau peel, không gãi, không chà xát."
"Khách hàng sử dụng kem mắt nhưng thấy hiện tượng bong da","Nếu khách hàng nằm điều hoà nhiều cũng có khả năng bị khô và bong da. Cách khắc phục, tăng thêm định lượng để cấp ẩm tốt hơn."
"Tại sao meso vi điểm PPC có hiện tuơngj tím và nổi cục dưới da?","Trường hợp tím có thể là meso vi điểm chạm vào mạch, sờ thấy cục là do thuốc lan tỏa ko đều nên có chỗ mỡ sẽ lỏng, chỗ mỡ sẽ cứng hoặc meso vi điểm chạm mạch cũng có thể gây sưng/ phản ứng phân hủy mỡ mạnh gây sưng viêm. 
Cách khắc phục: Chườm ấm và massage nhẹ nhàng  sau meso vi điểm 5-7 ngày để hạn chế hiện tượng mỡ chỗ cứng chỗ mềm."
"Tại sao Exosomes có hiện tượng đổi màu?","Sản phẩm Exosomes đổi màu là do hiện tượng tương tác giữa các peptide, có những peptides hoạt động trong môi trường dung môi nó nhạt hơn hoặc đậm hơn thì các peptides con lại lập tức chuyển màu tương tự, nên vẫn có thể sử dung bình thường và chất lượng không thay đổi."
"Tại sao bột tảo Rose De Mer lại có hiện tượng có màu sắc khác biệt?","Sản phẩm Christina - 2A Rose De Mer là peel sinh học chứa thành phần silicat. Có chứa thành phần tảo biển, tuy nhiên thành phần tảo không phải thành phần chính của bộ peel này. Sự khác biệt về màu sắc sản phẩm, vì sản phẩm peel chứa các thành phần từ tự nhiên, cho nên việc thay đổi (không quá khác biệt) về màu sắc sẽ không làm ảnh hưởng đến chất lượng của sản phẩm."
"Trường hợp khách hàng peel cho vùng mặt bị trợt da, chảy dịch tiết nhiều nên xử trí như thế nào?","Trước tiên, khi da bị tổn thương sâu, trợt/ ra dịch vàng, cần phục hồi da hoàn toàn, sau đó, tuỳ từng tình trạng da có thể tiếp tục peel nhẹ trên bề mặt da và chi thành nhiều buổi.
Khi da bắt đầu bong, có thể thoa Body Lotion có khả năng làm sáng da."
"Bộ sản phẩm Rose De Mer có thể dùng được các vùng như Mông, Nách, Bẹn... không?","Với các vùng da dày như Mông, có thể ứng dụng Rose de Mer. Với các vùng mỏng hơn, nhiều nếp gấp và có thể tiết mồ hôi gây ẩm như Nách, Bẹn... có thể sử dụng peel Intima để mang lại cảm giác dễ chịu hơn, lưu ý, nên xử lý tăng tiết mồ hôi trước khi peel để đạt được hiệu quả tối ưu hơn."
"Các sản phẩm dưỡng sáng da như Illutrious, Ivawhite.... có thể dùng sau Laser được không?","Illutrious, Ivawhite là sản phẩm dưỡng làm sáng nên có thể dùng được luôn sau laser không xâm lấn, trường hợp laser xâm lấn thì chờ đến khi da lành có thể sử dụng lại được."
"Trường hợp khách hàng bị tổn thương, đỏ, bong da mạnh sau vi kim rượu thuốc, có thể sử dụng sản phẩm gì để phục hồi?","Với những trường hợp da bị tổn thương, có thể sử dụng sản phẩm Unstress để phục hồi lớp sừng và hàng rào bảo vệ da theo phác đồ: 
Salon: Unstress
Homecare: Unstress Serum, Night Cream, Cicaderm. Có thể uống kèm thuốc kháng viêm theo chỉ định của Bác sĩ."
"Tại sao sau khi mở nắp một thời gian, sản phẩm mặt nạ dạng bột thường hay bị vón?","Do điều kiện thời tiết tại Việt Nam độ ẩm cao, khi mở bao bì, độ ẩm có thể xâm nhập vào sản phẩm kiếm sản phẩm dễ gặp hiện tượng vón lại, tuy nhiên không ảnh hưởng đến chất lượng sản phẩm. Cách khắc phục là không bóc hết lớp nilon bọc miệng hũ, chỉ mở một chút để lấy sản phẩm, tránh độ ẩm lọt vào. Ngoài ra, cần đánh kỹ để lớp mặt nạ nhuyễn hơn."
"Sau khi Peel 3-5 ngày khi bong có hiện tượng ngứa, hiện tượng này có bình thường không?","Sau khi peel, da sẽ bắt đầu khô để kích thích quá trình bong nên hiện tượng ngứa là bình thường. Có thể sử dụng các sản phẩm dưỡng ẩm dịu nhẹ để làm giảm cảm giác ngứa."
"Tại sao sản phẩm Rose de Mer Soap sau một thời gian có hiện tượng đóng màu trắng trên bề mặt","Sản phẩm Rose de Mer Soap gặp hiện tượng này là do các thành phần acid kết tủa trên bề mặt sản phẩm (Christina đã thực hiện kiểm tra trong phòng lab) - không phải hiện tượng mốc - không ảnh hưởng đến chất lượng sản phẩm."
"Tại sao một số khách hàng nền da khô, thô sần bị bong nhẹ da khi dùng bộ Biophyto","Đối với một số trường hợp nền da khô, sau khi thực hiện các bộ sản phẩm có tính làm sạch sâu như Biophyto cần chú ý về Quy trình chăm sóc da tại nhà. Các sản phẩm làm sạch tránh có chứa Acid và cần dưỡng ẩm đầy đủ (lý tưởng nên sử dụng bộ sản phẩm homecare của Biophyto)"
"Khách hàng đang sử dụng thuốc chống đông máu thì có nên dùng Mesotherapy không?","Các phương pháp meso  vi điểm đều có thể gây ảnh hưởng vì có thể chảy máu lâu, dẫn đến việc vết meso vi điểm dễ đỏ/ tím/ bầm.... Nếu khách có bấy kỳ vấn đề liên quan đến rối loạn đông máu cần có sự theo dõi và chỉ định nghiêm ngặt của Bác sĩ."
"Khách hàng bị kích ứng tê nên xử trí như thế nào?","Khách hàng kích ứng tê có thể sử dụng serum unstress/GF20 sáng-tối + cicaderm ngày 2-3 lần đến khi da lành, sử dụng thêm thuốc bôi kháng viêm theo chỉ định của Bác sĩ . Tránh nắng kĩ."
"Với những làn da bị mụn có được Peel không","Với những làn da có mụn ẩn, mụn khô cồi, nên lấy sạch nhân mụn trước khi Peel. Với tình trạng mụn viêm chưa lấy được, hoàn toàn có thể sử dụng Peel hoá học. Khi ứng dụng sản phẩm RDM trên nền da mụn sưng viêm chưa lấy được nhân, nên thao tác nhẹ nhàng hoặc lướt qua vụng mụn, sau 1-2 lần, nhân mụn sẽ khô cồi, đẩy mụn, sẽ tiếp tục chăm sóc nhân mụn với Comodex."
"Tại sao các sản phẩm Toner của Christina như Unstress, Biophyto... thường có bọt nhẹ khi sử dụng?","trong các SP Toner của CTN có chứa hàm lượng nhỏ chất làm sạch từ thực vật tự nhiên (Decyl Glucoside -  có nguồn gốc từ tinh bột ngô và rượu béo lên men từ dừa), nên cả trong Toner của Unstress hay Bio đều có bọt nhẹ khi sử dụng trên da."
"Tại sao SRM Floslek Anti Acne mẫu mới loãng hơn mẫu cũ","Nhãn hàng đã thay thế chất tẩy rửa chính Sodium Laureth Sulfate bằng một hệ thống tự nhiên và dịu nhẹ hơn: Sodium Lauroyl Sarcosinate + Cocamidopropyl Betaine. Ngoài ra, để tăng cường hiệu quả chống mụn của sản phẩm, nhãn hàng đã thêm thành phần Axit Salicylic. Các thành phần hoạt chất còn lại trong công thức làm mới ở cùng nồng độ: Panthenol, Polyplant Oily Skin, phức hợp điều tiết bã nhờn chứa Niacinamide, Zinc Gluconate, Faex Extract, Caffeine, Biotin, Aesculus Hippocastanum Seed Extract, Ammonium Glycyrrhizate.

Một đặc điểm nổi bật của các chất tẩy rửa mới, dịu nhẹ hơn và cao cấp hơn được sử dụng là chúng làm giảm độ nhớt của sản phẩm."
"Trường hợp khách hàng peel cho vùng mặt bị trợt da, chảy dịch tiết nhiều nên xử trí như thế nào","Trường hợp peel quá mạnh khiến da bị trợt, chảy dịch tiết nhiều vùng mặt có thể xử trí như sau: 
- Dùng gạc thấm nước muối sinh lý nhằm hút bớt dịch và vệ sinh da sạch sẽ. Khi khô các vảy này sẽ bong ra tự nhiên - chú ý không bóc - gãi làm bong sớm có thể gây sẹo.
- Dùng Cicaderm để phục hồi - tránh nắng cẩn thận.
- Bong xong có thể sử dụng sản phẩm ngăn ngừa tăng sắc tố như Illutrious, Ivawhite
- Có thể sử dụng thêm thuốc bôi/ uống theo chỉ định của Bác sĩ."
"Khi sử dụng sản phẩm SRS X'ADN sẽ có phác đồ như thế nào?","Phác đồ sử dụng của X'ADN
- Phục hồi, chống oxy hóa, cải thiện kết cấu bề mặt: Lăn/phi kim 0,5 - 1mm, lăn/phi hồng da, không chảy máu, kim phi 36 hoặc nano, mỗi lần 1 ống 2ml, 10 - 14 ngày/lần, liệu trình 4 - 6 buổi.
- Cải thiện tình trạng sẹo lõm, sẹo mụn: Lăn/phi kim 1 - 1,5mm, lăn/phi rớm máu, kim phi 12 hoặc 35, mỗi lần 1 ống 2ml, 14 ngày/lần, liệu trình 4 - 6 buổi."
"Tại sao sản phẩm Comodex Astringent & Regulate Mask bị tách nước?","Sản phẩm mặt nạ Comodex số 6 có chứa thành phần chính là Kaolin (đất sét), khi để sản phẩm đứng yên sẽ có hiện tượng Kaolin có cấu trúc nặng hơn chìm xuống dưới và các thành phần tạo ẩm tách lớp trên. Đây là hiện tượng hoàn toàn bình thường và thường xảy ra với các sản phẩm có chứa Kaolin. 
Khách hàng chỉ cần mix kỹ sản phẩm trước khi thoa lên trên da và sử dụng bình thường."
